name,position,b,t,class,school,division,state,hometown,obj
Tyler Duncan,OF,L,R,Senior,Arkansas State University,NCAA: Division 1,AR,"Sooke, British Columbia / Edward Milne Community School",
Andrew Leggo,OF,S,R,Senior,Arkansas State University,NCAA: Division 1,AR,"Waterloo, Ontario / St. David's Secondary",
Liam Hicks,INF/C,R,R,Senior,Arkansas State University,NCAA: Division 1,AR,"Toronto, Ontario / Lawerence Park Collegiate Institute",
Harley Gollert,LHP,R,L,Sophomore,Austin Peay State University,NCAA: Division 1,TN,"Toronto, Ontario / St. Michaels College School",
Tyler Hinrikus,3B/OF,R,R,Freshman,Ball State University,NCAA: Division 1,IN,"Waterloo, Ontario, Canada",
Ryan Johnston,INF,R,R,Junior,Bowling Green State University,NCAA: Division 1,OH,"Oakville, Ontario, Canada / Appleby College",
DJ DePiero,LHP,L,L,Senior,Bradley University,NCAA: Division 1,IL,"Thunder Bay, Ontario",
Ethan Skuija,RHP,R,R,Senior,"California State University, Bakersfield",NCAA: Division 1,CA,"Victoria, British Columbia, Canada / Mount Doulgas Secondary",
Nik Cardinal,P,,,Senior,"California State University, Fresno",NCAA: Division 1,CA,"Bonnyville, Alberta, Canada",
Denzel Clarke,OF,R,R,Junior,"California State University, Northridge",NCAA: Division 1,CA,"Pickering, Ontario / Everest Academy",
Steven  Moretto,INF,R,R,Junior,"California State University, Sacramento",NCAA: Division 1,CA,"Coquitlam, British Columbia  /  Notre Dame HS, BC",
Noah  Takacs,RHP,L,R,Freshman,"California State University, Sacramento",NCAA: Division 1,CA,"Victoria, BC  /  Oak Bay HS",
Martin  Vincelli-Simard,INF,R,R,Sophomore,"California State University, Sacramento",NCAA: Division 1,CA,"Boisbriand, Quebec  /  Vauxhall HS",
Josh  Walker,OF,L,R,Freshman,"California State University, Sacramento",NCAA: Division 1,CA,"Victoria, BC  /  Lambrick Park Secondary",
Eli  Saul,RHP,L,R,Freshman,"California State University, Sacramento",NCAA: Division 1,CA,"Vancouver, BC  /  Prince of Wales Secondary",
Bryce Arnold,INF,,,Freshman,Campbell University,NCAA: Division 1,NC,"Grimsby, Ontario / Blessed Trinity",
Simon Menier,OF,,,Freshman,Campbell University,NCAA: Division 1,NC,"Chicoutimi, Quebec / Séminaire de Chicoutimi",
Kyle Kush,IF,L,R,Junior,Canisius College,NCAA: Division 1,NY,"Guelph, Ontario / Guelph Collegiate Vocational Institute",
Max Grant,C/3B,,,Freshman,Canisius College,NCAA: Division 1,NY,"Fredericton, New Brunswick / Vauxhall Academy",
Jacob Martins,IF,R,R,Senior,Canisius College,NCAA: Division 1,NY,"Richmond Hill, Ontario / TMS Elgin Mills",
Matt Duffy,P,,,Freshman,Canisius College,NCAA: Division 1,NY,"Burlington, Ontario / Assumption Catholic Secondary",
Carlin Dick,OF,,,Freshman,Canisius College,NCAA: Division 1,NY,"Abbotsford, British Columbia / Vauxhall",
Josh Niles,IF,,,Freshman,Canisius College,NCAA: Division 1,NY,"St. Thomas, Ontario / St. Joseph's",
Levi Abbott,P,,,Freshman,Canisius College,NCAA: Division 1,NY,"Lethbridge, Alberta / Vauxhall",
Gibson Krzeminski,OF/3B,S,R,Senior,Canisius College,NCAA: Division 1,NY,"Tecumseh, Ontario / St. Anne",
Rushil Bhat,RHP,R,R,Freshman,Central Michigan University,NCAA: Division 1,MI,"London, Ont. / Lucas Secondary",
Ari Sechopoulos,1B,,,Senior,College of Charleston,NCAA: Division 1,SC,"Windsor, Ontario, Canada",
Lucas DiLuca,INF,L,R,Junior,Eastern Illinois University,NCAA: Division 1,IL,"Lasalle, Ontario / St. Thomas of Villanova",
Daniel Warkentin,IF,R,R,Senior,Eastern Michigan University,NCAA: Division 1,MI,"Leamington, Ontario / Leamington District",
Russell Young,C,R,R,Freshman,Gonzaga University,NCAA: Division 1,WA,"Surrey, British Columbia / Langley HS",
Corben Peters,"RHP,R/R",,,Junior,Grambling State University,NCAA: Division 1,LA,"Ottawa, Ontario Canada /",
Kimani Bailey,"RTHP,R/R",,,Sophomore,Grambling State University,NCAA: Division 1,LA,"Windsor, Ontario, CN. /",
Matthew Jenkins,OF,R,R,Junior,Harvard University,NCAA: Division 1,MA,"Toronto, Ontario",
David Coleman,OF,L,L,Freshman,High Point University,NCAA: Division 1,NC,"Mississauga, Ontario, Canada / Lorne Park Secondary School",
Jack Anderson,P,L,L,Senior,Hofstra University,NCAA: Division 1,NY,"Ontario, Canada",
Aidan Huggins,INF,R,R,Junior,Illinois State University,NCAA: Division 1,IL,"Edmonton, Alberta / Bellerose Composite / Cloud County CC",
Chase Florendine,RHP,R,R,Freshman,Illinois State University,NCAA: Division 1,IL,"Lethbridge, Alberta / Vauxhall Academy",
Jordan Lussier,RHP,R,R,Freshman,Illinois State University,NCAA: Division 1,IL,"Winnipeg, Manitoba / Okotoks HS / Chandler-Gilbert CC",
Max Wright,C/OF,L,R,Senior,Indiana State University,NCAA: Division 1,IN,"Toronto, Ontario / Lawrence Park HS",
Marshal Luiz,C,,,Sophomore,Jackson State University,NCAA: Division 1,MS,"Surrey, BC /",
Daniel Carinci,INF,R,R,Sophomore,Kansas State University,NCAA: Division 1,KS,"Ajax, Ontario, Canada",
Wesley Moore,LHP,L,L,Junior,Kansas State University,NCAA: Division 1,KS,"Surrey, British Columbia, Canada",
Raphael Pelletier,C,L,R,Freshman,Kansas State University,NCAA: Division 1,KS,"Mascouche, Quebec, Canada",
Griffin Hassall,RHP,R,R,Sophomore,Kansas State University,NCAA: Division 1,KS,"Newmarket, Ontario, Canada",
Deric LaMontagne,INF,,,Sophomore,Lamar University,NCAA: Division 1,TX,"Beloeil, Quebec / Clarendon College",
Anthony Quirion,INF,R,R,Sophomore,Lamar University,NCAA: Division 1,TX,"Dixville, Quebec, Canada / Clarendon JC (Academie les Estacades)",
Malik Williams,INF,,,Junior,Lipscomb University,NCAA: Division 1,TN,"Toronto, Can. / Johnson County CC",
Theo Millas,RHP,R,R,Freshman,Louisiana State University,NCAA: Division 1,LA,"Burnaby, British Columbia / Ecole Alpha HS",
Ryan Leitch,C,,,Freshman,Marshall University,NCAA: Division 1,WV,"Whitby, Ontario, Canada / Sinclair HS",
Zach Gardiner,INF/OF,,,Freshman,Marshall University,NCAA: Division 1,WV,"Oakville, Ontario, Canada / Oakville HS",
Peter Hutzal,INF,,,Junior,Marshall University,NCAA: Division 1,WV,"Alberta, Canada / Alberta Schools",
Ryan Capuano,RHP,,,Sophomore,Marshall University,NCAA: Division 1,WV,"Toronto, Ontario, Canada / Birchmount Park Collegiate Institute",
Brian Zapp,INF,,,Sophomore,"Miami University, Ohio",NCAA: Division 1,OH,"Waterloo, Ontario",
Eric Cerantola,RHP,R,R,Junior,Mississippi State University,NCAA: Division 1,MS,"Oakville, Ontario / Ecole Secondaire Catholique Sainte-Trinite",
Josh Laukkanen,RHP,R,R,Sophomore,New Mexico State University,NCAA: Division 1,NM,"Nanaimo, British Columbia / Dover Bay Secondary",
Mike Brisson,INF,R,R,Sophomore,Niagara University,NCAA: Division 1,NY,"St. Albert, AB / St. Albert Catholic High School",
Cole Tucker,INF,,,Junior,Niagara University,NCAA: Division 1,NY,"Mount Pearl, Newfoundland & Labrador / Southeastern Community College",
Joseph Tevlin,C,R,R,Senior,Niagara University,NCAA: Division 1,NY,"Toronto, ON / Bishop Allen Academy",
Alex Jones,LHP,L,L,Senior,Niagara University,NCAA: Division 1,NY,"Bowmanville, ON / St. Stephens Catholic Secondary School",
Steven Hospital,RHP,R,R,Sophomore,Niagara University,NCAA: Division 1,NY,"Oakville, ON / Holy Trinity Catholic Secondary School",
Cal Theal,RHP,R,R,Junior,Niagara University,NCAA: Division 1,NY,"Niagara Falls, ON / A.N. Myer",
Spencer Marcus,OF,R,R,Junior,Niagara University,NCAA: Division 1,NY,"Chatham-Kent, ON / Dodge City Community College",
Ben Erwin,RHP,R,R,Senior,Niagara University,NCAA: Division 1,NY,"Spruce Grove, AB / Vauxhall High School",
Zach Cameron,RHP/INF,R,R,Sophomore,Niagara University,NCAA: Division 1,NY,"Hamilton, ON / Bishop Ryan",
Kyle Smyth,RHP,L,R,Senior,Niagara University,NCAA: Division 1,NY,"Whitby, ON / Sinclair Secondary School",
Alex MacKinnon,RHP,R,R,Senior,Niagara University,NCAA: Division 1,NY,"Aurora, ON / St. Maximilian Kolbe",
Matthew Ward,C,R,R,Freshman,Niagara University,NCAA: Division 1,NY,"Mississauga, ON / Our Lady Of Mount Carmel",
Josh Marchese,INF,L,R,Junior,Niagara University,NCAA: Division 1,NY,"Burnaby, BC / St. Thomas More",
Matthew Wiggins,RHP,L,R,Sophomore,Niagara University,NCAA: Division 1,NY,"Merrickville, ON / Vauxhall Academy",
Cameron Dyck,RHP,R,R,Senior,Niagara University,NCAA: Division 1,NY,"Oakville, ON / Abbey Park",
Myles Pallister,RHP,R,R,Freshman,Niagara University,NCAA: Division 1,NY,"Lacombe, AB / Lacombe Composite",
Matthew Panzica,RHP/OF,L,R,Freshman,Niagara University,NCAA: Division 1,NY,"Maple, ON / St. Michael's College School",
Jason Chiu,IF,R,R,Freshman,North Dakota State University,NCAA: Division 1,ND,"Toronto, Ontario",
Jayden Wakeham,C,,,Junior,Northern Kentucky University,NCAA: Division 1,KY,"Victoria, British Columbia, Canada / Foothills Composite High School",
Noah Richardson,P/1B/OF,,,Junior,Northern Kentucky University,NCAA: Division 1,KY,"Windsor, Ontario, Canada / W.F. Herman Academy",
Ethan Francis,RHP,L,R,Sophomore,Northwestern State University,NCAA: Division 1,LA,"Miscouche,PEI, Canada",
Ryan Olchoway,RHP,R,R,Sophomore,Northwestern State University,NCAA: Division 1,LA,"Saskatoon, Saskatchewan, Canada",
Matthew Nolin,LHP,L,L,Sophomore,Oakland University,NCAA: Division 1,MI,"Mississauga, Ontario / Cawthra Park Secondary",
Brandon Deans,RHP,L,R,Sophomore,Oakland University,NCAA: Division 1,MI,"Mississauga, Ontario / Our Lady Mount Carmel",
Aris Zimakas,LHP,L,L,Junior,Oakland University,NCAA: Division 1,MI,"Montreal, Quebec, Canada / Royal West Academy",
Max Hewitt,C/INF,L,R,Senior,Oklahoma State University,NCAA: Division 1,OK,"Midhurst, Ontario, Canada / Eastview SS",
Matt Coutney,3B/1B,,,Junior,Old Dominion University,NCAA: Division 1,VA,"Edmonton, Alberta / Colby Community College",
Cesar Valero Sanchez,IF,R,R,Freshman,Oregon State University,NCAA: Division 1,OR,"Calgary, Alberta",
Micah McDowell,OF,L,R,Freshman,Oregon State University,NCAA: Division 1,OR,"Halifax, Nova Scotia",
Gavin Logan,C,L,R,Sophomore,Oregon State University,NCAA: Division 1,OR,"Oyen, Alberta, Canada",
Justin Thorsteinson,LHP,L,L,Freshman,Oregon State University,NCAA: Division 1,OR,"Langley, B.C., Canada",
Zac Fascia,C,L,R,Senior,Purdue University,NCAA: Division 1,IN,"Brampton, Ontario / Turner Fonton",
Kyle Maves,INF/OF,L,R,Junior,Quinnipiac University,NCAA: Division 1,CT,"Burlington, Ontario / Corpus Christi Catholic Secondary",
Matt Turino,OF,L,R,Junior,Saint Louis University,NCAA: Division 1,MO,"Ontario, Canada / Birchmont Park",
Michael Bonaccorso,RHP,L,R,Junior,Saint Peter's University,NCAA: Division 1,NJ,"Mississauga, Ontario / St. Aloysius Gonzaga",
Christian Coombes,LHP,,,Sophomore,Saint Peter's University,NCAA: Division 1,NJ,"Ontario, Canada / Parkside Collegiate Institute",
Kyle Lev,RHP,R,R,Sophomore,Siena College,NCAA: Division 1,NY,"Mississauga, ON / St. Martin's Catholic Secondary School",
Joseph Karall,RHP,R,R,Sophomore,Southeast Missouri State University,NCAA: Division 1,MO,"St. Albert, Alberta, Canada / Bellerose Composite",
Hayden Malenfant,RHP,R,R,Junior,Southeast Missouri State University,NCAA: Division 1,MO,"Whitby, Ontario / Sinclair Secondary",
Tristan Peters,OF,,,Sophomore,Southern Illinois University at Carbondale,NCAA: Division 1,IL,"Winkler, Manitoba, Canada / Foothills Composite",
Braden Babcock,LHP,,,Sophomore,Southern Illinois University at Carbondale,NCAA: Division 1,IL,"Oshawa, Ontario, Canada / Maxwell Heights",
Liam Devine,LHP,,,Junior,St. Bonaventure University,NCAA: Division 1,NY,"Guelph, Ontario / John F. Ross (Monroe CC)",
Zach Laurie,OF/C,L,R,Freshman,St. John's University,NCAA: Division 1,NY,"Peterborough, Ont. / Crestwood",
Ben Adams,LHP,R,L,Freshman,St. John's University,NCAA: Division 1,NY,"Ottawa, Ont. / Vauxhall",
Clayton Loranger,OF,R,L,Sophomore,Stephen F. Austin State University,NCAA: Division 1,TX,"Sherwood Park, Alberta (Canada)",
Garner Špoljaric,RHP,,,Junior,Stetson University,NCAA: Division 1,FL,"Lisle, Ont. / Homeschool",
Sam Turcotte,RHP,L,R,Senior,Stony Brook University,NCAA: Division 1,NY,"Toronto, Ontario / Don Mills Collegiate Institute",
Zach Gagnon,RHP,,,Sophomore,Tarleton State University,NCAA: Division 1,TX,"Sainte-Julie, Québec",
Leo Markotic,INF/OF,R,R,Sophomore,"Texas A&M University, Corpus Christi",NCAA: Division 1,TX,"Toronto, Canada /",
Archer Brookman,C/1B,R,R,Senior,The Ohio State University,NCAA: Division 1,OH,"Pointe-Claire, Quebec",
Antoine Jean,LHP,R,L,Sophomore,University of Alabama,NCAA: Division 1,AL,"Montreal, Quebec / École Édouard-Montpetit",
Owen Diodati,OF,L,R,Sophomore,University of Alabama,NCAA: Division 1,AL,"Niagara Falls, Ontario / A.N. Myer",
Jack DeCooman,LHP,L,L,Junior,"University of Arkansas, Little Rock",NCAA: Division 1,AR,"North Vancouver, B.C. / Washington",
Eli Paton,INF,L,R,Freshman,"University of California, Los Angeles",NCAA: Division 1,CA,"La Canada, Calif. / Maranatha HS",
Jason  Willow,OF/INF,R,R,Junior,"University of California, Santa Barbara",NCAA: Division 1,CA,"Victoria, B.C.  /  Lambrick Park Secondary School",
Keegan Pulford-Thorpe,LHP,,,Freshman,University of Central Florida,NCAA: Division 1,FL,"Newmarket, Ontario, Canada /",
Dondrae Bremner,INF,L,R,Junior,University of Cincinnati,NCAA: Division 1,OH,"Toronto, Ontario, Canada / Bill Crothers Secondary",
Robbie Wilkes,INF,L,R,Junior,University of Evansville,NCAA: Division 1,IN,"Regina, Saskatchewan, Canada",
Ben Komonosky,C,R,R,Senior,University of Evansville,NCAA: Division 1,IN,"Regina, Saskatchewan, Canada",
Neftaly Severino-Cronier,RHP,R,R,Sophomore,University of Evansville,NCAA: Division 1,IN,"Boisbriand, Quebec, Canada",
Conor Angel,RHP,R,R,Junior,University of Louisiana at Lafayette,NCAA: Division 1,LA,"Lachine, Quebec, Canada",
Justin King,OF,,,Senior,University of Louisiana at Monroe,NCAA: Division 1,LA,"Okotoks, Alberta / Alabama",
Ryan Humeniuk,OF,,,Senior,University of Louisiana at Monroe,NCAA: Division 1,LA,"Stonewall, Manitoba / Indian Hills CC",
Lucas Wepf,RHP,,,Junior,University of Louisiana at Monroe,NCAA: Division 1,LA,"Ontario, Canada / Pratt CC",
Tylor Jans,RHP,,,Sophomore,University of Louisiana at Monroe,NCAA: Division 1,LA,"Edmonton, Alberta / Cloud County CC",
Connor O’Halloran,LHP,R,L,Freshman,University of Michigan,NCAA: Division 1,MI,"Mississauga, Ont. / St. Martin’s",
Jacob Kush,RHP,R,R,Junior,University of Missouri,NCAA: Division 1,MO,"Guelph, Ontario, Canada /",
Caden Griffin,LHP,L,L,Freshman,University of Missouri,NCAA: Division 1,MO,"Ottawa, Ontario, Canada / John McCrae Secondary School",
Matt Bondarchuk,OF,L,R,Senior,"University of Nebraska, Omaha",NCAA: Division 1,NE,"Edmonton, Alberta, Canada",
Liam Froment,LHP,,,Freshman,University of North Alabama,NCAA: Division 1,AL,"Morinville, Alberta, Canada",
David McCabe,INF,S,R,,"University of North Carolina,  Charlotte",NCAA: Division 1,NC,"Oshawa, Ontario",
Ben Abram,RHP,R,R,Sophomore,University of Oklahoma,NCAA: Division 1,OK,"Georgetown, Ontario / Georgetown District HS",
Chris Pouliot,P,L,L,Freshman,University of Pittsburgh,NCAA: Division 1,PA,"Boischatel, Quebec, Canada / Cardinal-Roy Secondary School",
Landen Bourassa,RHP,R,R,Senior,University of San Francisco,NCAA: Division 1,CA,"Lethbridge, Alberta / Chinook HS",
Noah Myers,OF,L,R,Senior,University of South Carolina,NCAA: Division 1,SC,"Wyoming, Ontario / Wyoming HS",
David Mendham,INF/C,L,R,Junior,University of South Carolina,NCAA: Division 1,SC,"Dorchester, Ontario / London Catholic",
Lukas Touma,RHP,R,R,Freshman,"University of South Carolina, Upstate",NCAA: Division 1,SC,"Whitby, Ontario",
Jordan Marks,RHP,L,R,Junior,"University of South Carolina, Upstate",NCAA: Division 1,SC,"Bright's Grove, Ontario",
Grayden Stauffer,RHP,R,R,Freshman,"University of Tennessee, Martin",NCAA: Division 1,TN,"Oshawa, Ontario",
Marcus Strother,C,R,R,Sophomore,University of Toledo,NCAA: Division 1,OH,"Kelowna, B.C. / Rutland",
Isaac Deveaux,OF,R,R,Junior,University of Utah,NCAA: Division 1,UT,"Montreal, Quebec, Canada / Cégep Édouard-Montpetit",
Matthew Sox,RHP,R,R,Sophomore,University of Utah,NCAA: Division 1,UT,"La Canada, California / Whitman College",
Marc Lebreux,OF,L,R,Senior,University of Virginia,NCAA: Division 1,VA,"Montreal, Quebec",
Rhodes,P/DH,L,R,Sophomore,University of Washington,NCAA: Division 1,WA,"White Rock, B.C.",
Tevin Hall,LHP,L,L,Sophomore,Utah Valley University,NCAA: Division 1,UT,"Magrath, Alberta / Lethbridge Collegiate Institute",
Cooper Davis,OF,L,R,Senior,Vanderbilt University,NCAA: Division 1,TN,"Mississauga, Ontario",
Jaden Griffin,LHP,L,L,Sophomore,Virginia Commonwealth University,NCAA: Division 1,VA,"Lower Sackville, N.S. / Vauxhall",
Evan Chenier,RHP,R,R,Sophomore,Virginia Commonwealth University,NCAA: Division 1,VA,"Georgetown, Ontario / Christ",
Campbell Ellis,LHP,L,L,Freshman,Virginia Commonwealth University,NCAA: Division 1,VA,"Georgetown, Ont. / Christ the King Catholic Secondary School",
Justin Humenay,RHP,R,R,Freshman,Virginia Commonwealth University,NCAA: Division 1,VA,"Montreal, Canada / The Taft School",
Will Sierra,RHP,R,R,Junior,Washington State University,NCAA: Division 1,WA,"Montreal, Canada / Edouard-Montepetis HS",
Tyler Black,INF,,,Sophomore,Wright State University,NCAA: Division 1,OH,"Toronto, Canada / St. Andrews (Ontario)",
Konner Piotto,C,,,Senior,Wright State University,NCAA: Division 1,OH,"Abootsford BC, Canada / Yale Secondary School",
Thomas Espig,LHP,R,L,Senior,Yale University,NCAA: Division 1,CT,"Vancouver, B.C. / St. Georges",
Adam Inouye,SS,R,R,Sophomore,Academy of Art University,NCAA: Division 2,CA,"Vancouver, British Colombia, Canada",
Jonathan Henry,RHP/OF,,,Junior,Albany State University,NCAA: Division 2,GA,"Whitby, Ontario, Canada / Muskegon CC",
Chase Karn,OF,,,Freshman,Albany State University,NCAA: Division 2,GA,"Newcastle, NSW, Australia / Morisset HS",
Aidan Massad,RHP,,,Junior,Alderson Broaddus University,NCAA: Division 2,WV,"Leamington, ON / Cardinal Carter Catholic",
Jordan MacDonald,1B,L,R,Sophomore,American International College,NCAA: Division 2,MA,"Fredericton, N.B. / Kents Hill School",
Matt Szabo,RHP,L,R,Senior,Angelo State University,NCAA: Division 2,TX,"Sarnia, Ontario, Canada",
Nick Seginowich,C,R,R,Senior,Angelo State University,NCAA: Division 2,TX,"Victoria, British Columbia",
Stephane Lagasse,OF,R,R,Sophomore,Bemidji State University,NCAA: Division 2,MN,"Winnipeg, Manitoba",
MacGregor Sharpe,C/OF,R,R,Sophomore,Bemidji State University,NCAA: Division 2,MN,"North Vancouver, British Columbia",
Matthew Watson,RHP,R,R,Sophomore,Biola University,NCAA: Division 2,CA,"Vancouver, BC",
Kevin Zhang,RHP,R,R,Junior,Cedarville University,NCAA: Division 2,OH,"Toronto, ONT",
Tyler Hoefer,RHP/INF,R,R,Senior,Central Washington University,NCAA: Division 2,WA,"Delta, B.C., Canada",
Yi-Fan Pan,INF,R,R,Senior,Central Washington University,NCAA: Division 2,WA,"Langley, B.C., Canada",
Jason Hill,INF,L,R,Senior,Central Washington University,NCAA: Division 2,WA,"Surrey, B.C., Canada",
Tanner Rempel,C,R,R,Senior,Colorado Mesa University,NCAA: Division 2,CO,"Abbotsford, B.C. / Yale Secondary",
Russell Strilchuk,1B,,,Junior,Colorado State University Pueblo,NCAA: Division 2,CO,"Calgary, Alberta, Canada",
Alex  Liem,OF,R,R,Junior,D'Youville College,NCAA: Division 2,NY,"Dorchester, Ontario",
Kyle  Nash,RHP,R,R,Sophomore,D'Youville College,NCAA: Division 2,NY,"Ancaster, Ontario",
Tyler Mosher,INF,S,R,Freshman,Davenport University,NCAA: Division 2,MI,"Dutton, Ont. / West Elgin Secondary",
Blake Jacklin,OF,L,R,Freshman,Davenport University,NCAA: Division 2,MI,"St. Jacobs, Ont. / Elmira District Secondary",
Kade Kozak,LHP,L,L,Junior,Davis and Elkins College,NCAA: Division 2,WV,"West Kelowna, BC",
Rory Burke,RHP,R,R,Junior,Davis and Elkins College,NCAA: Division 2,WV,"Toronto, Ontario",
Mason Glowacki,IF,R,R,Freshman,East Central University,NCAA: Division 2,OK,"Kelowna, B.C., Canada / Kelowna Secondary School",
Colton Schaper-Kotter,UTL,L,R,Freshman,East Central University,NCAA: Division 2,OK,"Vernon, B.C., Canada / Vernon Secondary School",
Joseph Holguin,OF,R,R,Junior,Eastern New Mexico University,NCAA: Division 2,NM,"Toronto, Canada / Benedict University at Mesa",
Liam Sabiston,RHP,R,R,Junior,Eastern New Mexico University,NCAA: Division 2,NM,"Calgary, Alberta, Canada / Prairie Baseball Academy",
Kian Johnston,1B/OF,R,R,Sophomore,Eastern New Mexico University,NCAA: Division 2,NM,"Fruitvale, British Columbia, Canada / Douglas College",
Garrett Goodall,RHP,R,R,Junior,Embry-Riddle Aeronautical University,NCAA: Division 2,FL,"Nanaimo, British Columbia / Nanaimo District Secondary (Vancouver Island)",
Sam Chaput,OF,L,R,Junior,Emporia State University,NCAA: Division 2,KS,"Boisbriand, Quebec / Saint Gabriel HS",
Noah Geekie,OF/LHP,R,L,Sophomore,Emporia State University,NCAA: Division 2,KS,"Strathclair, Manitoba /",
Tauren Langley,INF,R,R,Junior,Emporia State University,NCAA: Division 2,KS,"Edmonton, Alberta / Saint Francis Xavier HS",
Jakob Newton,OF,,,Junior,Florida Institute of Technology,NCAA: Division 2,FL,"Oakville, Canada",
Jacob Bouzide,INF/OF,L,R,Junior,Fort Hays State University,NCAA: Division 2,KS,"Calgary, Alberta, Canada",
Jacob Douglas,RHP,R,R,Junior,Fort Hays State University,NCAA: Division 2,KS,"Georgetown, Ontario, Canada",
Kieran Gagnon,OF,R,R,Freshman,Gannon University,NCAA: Division 2,PA,"Mono, Ontario / Westside",
Evan Harrison,P,R,R,Sophomore,Gannon University,NCAA: Division 2,PA,"Mississauga, Ontario / St. Aloysius Gonzaga S.S",
Gavin Pringle,RHP,R,T,Freshman,Hawaii Pacific University,NCAA: Division 2,HI,"Duncan, B.C., Canada / Cowichan Secondary",
Ben Teplin,INF,R,R,Senior,Indiana University of Pennsylvania,NCAA: Division 2,PA,"Richmond Hill, Ontario, Canada / Bill Crothers Secondary",
Jayson Wilbur,LHP,R,L,Senior,Indiana University of Pennsylvania,NCAA: Division 2,PA,"Courtice, Ontario, Canada / Holy Trinity",
Cody  Greenfield,C,R,R,Freshman,Lake Erie College,NCAA: Division 2,OH,"Toronto, Ontario  /  Clarke",
Brandon Billesberger,OF,L,R,Sophomore,Limestone University,NCAA: Division 2,SC,"Cochrane, Alberta / Cañada College",
Matt Hilderbrandt,DH,L,R,Senior,Limestone University,NCAA: Division 2,SC,"Bowmanville, Ontario / Cuyahoga C.C.",
Austin Gilpin,P/3B,R,R,Senior,Lock Haven University of Pennsylvania,NCAA: Division 2,PA,"Newfoundland, Pa.",
Nolan Machibroda,1B,L,L,Junior,Lubbock Christian University,NCAA: Division 2,TX,"Saskatoon, Saskatchewan / Holy Cross High School",
Danny  Berg,OF,L,R,Senior,Lynn University,NCAA: Division 2,FL,"Saskatoon, Canada  /  Polk CC",
Tanner  Hodgson,OF,L,R,Freshman,Mars Hill University,NCAA: Division 2,NC,"Burlington, Ontario, Canada  /  Nelson",
Adam  Plouffe,OF,R,R,Junior,Mars Hill University,NCAA: Division 2,NC,"Toronto, Ontario, Canada  /  St. Michaels College",
Andrew  Hazell,RHP,R,R,Freshman,Mars Hill University,NCAA: Division 2,NC,"Brantford, Ontario, Canada  /  Brantford",
Max  Poole,P,R,R,Sophomore,Mars Hill University,NCAA: Division 2,NC,"Fort McMurray, Canada  /  Father Mercredi",
Chase Stewart,P,R,R,Senior,Mercyhurst University,NCAA: Division 2,PA,"Abbostsford, BC, Canada / Yale Secondary",
Nathan Slobodian,RHP,R,R,Freshman,Minot State University,NCAA: Division 2,ND,"Porcupine Plain, Saskatchewan",
Declan Buckle,MIF,,,Junior,Minot State University,NCAA: Division 2,ND,"Cornerbrook, NFLD, Canada",
Blake Gallagher,RHP/INF,,,Junior,Minot State University,NCAA: Division 2,ND,"Fredericton, New Brunswick",
Cameron Deasy,RHP,R,R,Sophomore,Minot State University,NCAA: Division 2,ND,"Brampton, Ontario",
Zach Newman,LHP,L,L,Junior,Minot State University,NCAA: Division 2,ND,"Miramichi, New Brunswick",
Connor Green,RHP,R,R,Sophomore,Minot State University,NCAA: Division 2,ND,"Portage La Prairie, Manitoba",
Kaiden Cardoso,1B/3B,,,Sophomore,Minot State University,NCAA: Division 2,ND,"Abbotsford, British Columbia",
Garrett Nicholson,LHP,,,Sophomore,Minot State University,NCAA: Division 2,ND,"Sydney Mines, Nova Scotia",
Brendan Johnston,INF,,,Freshman,Minot State University,NCAA: Division 2,ND,"St. Thomas, Ontario",
George Farid,3B,R,R,Senior,Mississippi College,NCAA: Division 2,MS,"Mississauga, Ontario",
Tate Morrell,OF,L,R,Senior,Missouri University of Science and Technology,NCAA: Division 2,MO,"Lloydminster, AB /",
Ashton Roy,INF,L,R,Junior,New Mexico Highlands University,NCAA: Division 2,NM,"Ontario, Canada /",
Connor Hanley-Hodge,LHP,L,L,Freshman,Newberry College,NCAA: Division 2,SC,"Montreal, Quebec",
Jordan Peck,LHP/OF,L,L,Sophomore,Northwest Missouri State University,NCAA: Division 2,MO,"Winnipeg, Manitoba / Sturgeon Heights Collegiate HS",
Shawn Grandmont,IF,R,R,Senior,Northwest Nazarene University,NCAA: Division 2,ID,"Lethbridge, Alberta / Vauxhall HS",
Lawson Burnett,IF,R,R,Senior,Northwood University,NCAA: Division 2,MI,"London, Ont. / St. Thomas Aquinas (St. Clair County CC)",
Kyle Espineli,INF,R,R,Junior,Notre Dame College,NCAA: Division 2,OH,"Toronto, Ontario, Canada / St. Mary Catholic Secondary School",
Olivier Mayrand,C,R,R,Freshman,Nova Southeastern University,NCAA: Division 2,FL,"Laval, Quebec (Canada) /",
Matthew  Ing,OF/INF,R,R,Junior,Nyack College,NCAA: Division 2,NY,"Toronto, Canada",
Devon  Robb,RHP,R,R,Senior,Ohio Dominican University,NCAA: Division 2,OH,"Kingston, Canada  /  Holy Cross Catholic (Monroe C.C.)",
Nyles Duren,INF,R,R,Freshman,Ohio Valley University,NCAA: Division 2,WV,"Windsor, Ontario",
Devon Farrell,IF,R,R,Junior,Rockhurst University,NCAA: Division 2,MO,"Saskatoon, Saskatchewan / St. Joseph",
Jordan Stamp,LHP,R,L,Junior,Rogers State University,NCAA: Division 2,OK,"Brantford, Ontario",
Matthew  Malgi,INF,L,R,Senior,Saginaw Valley State University,NCAA: Division 2,MI,"Woodbridge, Ont.  /  Bill Crothers Secondary School",
Owen Jansen,2B/3B,L,R,Senior,Saint Leo University,NCAA: Division 2,FL,"Oakville, Ontario / Iroquois Ridge",
Julien  Giroux-Harvey,OF/RHP,L,R,Senior,Saint Michael's College,NCAA: Division 2,VT,"Montreal, Québec  /  Collège Jean-de-Brébeuf",
Brett Graham,C/INF,,,Sophomore,Salem University,NCAA: Division 2,WV,"Burlington, Ontario / Bryant & Stratton College",
Sukhbir Parmar,RHP,,,Freshman,Salem University,NCAA: Division 2,WV,"Markham, Ontario / Bill Crothers SS",
Jaryd Lund,LHP,L,L,Freshman,Salem University,NCAA: Division 2,WV,"London, Ontario /",
Ben Sitarenios,OF,,,Freshman,Salem University,NCAA: Division 2,WV,"Richmond Hills, Ontario / Bill Crothers SS",
Chase Tucker,C,,,Freshman,Salem University,NCAA: Division 2,WV,"St. John's, Newfoundland / Foothills Composite HS",
Adlai Muench,OF,R,R,Freshman,Salem University,NCAA: Division 2,WV,"Martensville, Saskatchewan /",
Tyler D'Alessandro,OF,R,R,Junior,Salem University,NCAA: Division 2,WV,"London, Ontario / St. Thomas Aquinas Secondary School",
Justin Murray,C/INF,,,Freshman,Salem University,NCAA: Division 2,WV,"Markham, Ontario / St. Brother Andre CHS",
Noah Mitchell,RHP/UT,,,Freshman,Salem University,NCAA: Division 2,WV,"Greenwood, Ontario / Bill Crothers SS",
Ethan Jarvis,1B/LHP,L,L,Junior,Salem University,NCAA: Division 2,WV,"Okotoks, Alberta / Trinity International/Williston State College",
Canice Ejoh,OF,R,R,Senior,Seton Hill University,NCAA: Division 2,PA,"Brampton, ONT / St Thomas Aquinas SS/Canisius",
Tony Vavaroutsos,OF,L,L,Sophomore,Shippensburg University,NCAA: Division 2,PA,"Toronto, Ontario / Mary Ward Catholic",
Andrew Haynes,P,R,R,Freshman,Shippensburg University,NCAA: Division 2,PA,"Toronto, Ontario / Crestwood Secondary Prep",
Andrew Asselin,RHP,,,Sophomore,Shorter University,NCAA: Division 2,GA,"Winnipeg Manitoba, Canada /",
Jesse Simpson,RHP,,,Sophomore,Shorter University,NCAA: Division 2,GA,"Victoria BC, Canada /",
Jacob Potter,RHP,R,R,Junior,Southeastern Oklahoma State University,NCAA: Division 2,OK,"Victoria, BC, Canada / Galveston College",
Kobe Morris,INF,,,Senior,Southern Arkansas University,NCAA: Division 2,AR,"Victoria, British Colombia, Canada",
Jack Liddell,P,,,Junior,Southern Arkansas University,NCAA: Division 2,AR,"Mississauga, Ontario, Canada",
Travis Herriott,P,R,R,Junior,Southern Nazarene University,NCAA: Division 2,OK,"San Bruno, Calif. / Canada College",
Taylor  Lepard,P,R,R,Junior,Southern New Hampshire University,NCAA: Division 2,NH,"Toronto, Ontario  /  Keiser Univ.  /  -",
Sam Avila,IF,R,R,Senior,Southwest Baptist University,NCAA: Division 2,MO,"Kamloops, BC",
Kyler Charchun,OF,L,L,Sophomore,Southwest Baptist University,NCAA: Division 2,MO,"Camrose, Alberta",
Cole Van Every,P,R,R,Sophomore,Southwest Baptist University,NCAA: Division 2,MO,"West Kelowna, BC",
Rhys Cratty,IF,R,R,Junior,Southwest Baptist University,NCAA: Division 2,MO,"Langley, B.C.",
David Tongue,P,R,R,Senior,Southwest Baptist University,NCAA: Division 2,MO,"Kelowna, BC",
Keaton Mandryk,P,R,R,Sophomore,Southwest Baptist University,NCAA: Division 2,MO,"Kelowna, B.C.",
Cole Jackson,C,R,R,Sophomore,Southwest Baptist University,NCAA: Division 2,MO,"Thorsby, Alberta",
James Hardy,P,R,R,Junior,Southwest Minnesota State University,NCAA: Division 2,MN,"Langley, British Columbia",
Alex Bedard,OF,R,R,Senior,Southwestern Oklahoma State University,NCAA: Division 2,OK,"Levis, Quebec",
Ryan Dos Santos,UTL,L,R,Sophomore,Southwestern Oklahoma State University,NCAA: Division 2,OK,"Missasagua, Ontario",
Jason Begin,OF,R,R,Freshman,Southwestern Oklahoma State University,NCAA: Division 2,OK,"Sherbrooke, Quebec",
Parker Savard,INF,R,R,Sophomore,St. Cloud State University,NCAA: Division 2,MN,"Hanmer, ON",
Dylan Bells,LHP,L,L,Senior,St. Mary's University,NCAA: Division 2,TX,"Regina, Saskatchewan",
Louis Gendron,C/UTL,L,R,Sophomore,The College of Saint Rose,NCAA: Division 2,NY,"Levis, Quebec / Ecole Pointe-Lévy",
Danny  Donnelly,OF,R,R,Junior,Tiffin University,NCAA: Division 2,OH,"Okatoks, Alberta (Can.)  /  Okotoks Dawgs Academy (Chandler-Gilbert CC)",
Noah  Penney,C,R,R,Sophomore,Tiffin University,NCAA: Division 2,OH,"Sherwood Park, Alberta (Can.)  /  Foothills Composite",
Torrin Vaselenak,IF,R,R,Sophomore,"University of Arkansas, Monticello",NCAA: Division 2,AR,"Coaldale, Alberta / Lethbridge College",
Reed Odland,C,L,R,Junior,"University of Arkansas, Monticello",NCAA: Division 2,AR,"Vauxhall, Alberta / Allan Hancock CC",
Reece Reading,UT,L,R,Junior,"University of Arkansas, Monticello",NCAA: Division 2,AR,"Listowel, Ontario / Three Rivers CC",
Dylan Borman,IF,R,R,Senior,"University of Arkansas, Monticello",NCAA: Division 2,AR,"Camrose, Alberta / Lethbridge College",
Shane Nixon,IF,,,Sophomore,University of Central Oklahoma,NCAA: Division 2,OK,"Markham, Ontario, Canada / Bill Crothers",
Garrett Takamatsu,C/IF,R,R,Junior,University of Central Oklahoma,NCAA: Division 2,OK,"Burlington, Ontario / Notre Dame",
Jesse Elliott,INF,,,Senior,University of Charleston,NCAA: Division 2,WV,"Ajax, Ontario /",
Eric Chartier,INF,,,Freshman,University of Charleston,NCAA: Division 2,WV,"Newmarket, Ontario /",
Owen MacNeil,P,,,Freshman,University of Charleston,NCAA: Division 2,WV,"Georgetown, Ontario /",
Steven Sanders,P,,,Sophomore,University of Charleston,NCAA: Division 2,WV,"Kitchener, Ontario /",
Alex Hobgood,C,R,R,Freshman,University of Hawaii at Hilo,NCAA: Division 2,HI,"Ottawa, Ontario / /South Carleton HS /",
Mike MacDougall,P,L,R,Freshman,University of Indianapolis,NCAA: Division 2,IN,"Toronto, Ontario / Greenwood College School",
Nathan Kolb,RHP,R,R,Junior,University of Mary,NCAA: Division 2,ND,"Cloverdale, BC, Canada",
Tyrus Barclay,C,R,R,Senior,University of Mary,NCAA: Division 2,ND,"Wyoming, ON, Canada",
Shaun Hickey,RHP,R,R,Junior,University of Mary,NCAA: Division 2,ND,"Sommerville, NB, Canada",
Parker McRae,RHP,R,R,Senior,University of Mary,NCAA: Division 2,ND,"Nipawin, Sask. Canada",
Ryan Robillard,LHP,R,L,Freshman,University of Minnesota Duluth,NCAA: Division 2,MN,"Little Canada, Minn.",
Joey Greco,RHP,R,R,Junior,"University of Minnesota, Crookston",NCAA: Division 2,MN,Canada College,
Khalid Collymore,OF,L,R,Freshman,University of Montevallo,NCAA: Division 2,AL,"Mississauga, Ontario, Canada",
Jared Binsfeld,OF,R,R,Junior,University of Sioux Falls,NCAA: Division 2,SD,"Saskatoon, SK, Canada",
Riley Jepson,OF,L,R,Senior,University of Texas at Tyler,NCAA: Division 2,TX,"Kamloops, British Columbia / Salmon Arm Secondary",
Nathan Holmes,RHP,R,R,Sophomore,University of Texas at Tyler,NCAA: Division 2,TX,"Mississauga, Ontario / Streetsville Secondary",
Michael Clapperton,INF,,,Sophomore,"University of Texas, Permian Basin",NCAA: Division 2,TX,"Calgary, Alberta /",
Jonathan Thibodeau,C,R,R,Senior,University of West Alabama,NCAA: Division 2,AL,"Burlington, Ontario",
CJ Maury,IF,R,R,Freshman,Wayne State University,NCAA: Division 2,MI,"Brampton, Ont. / Mayfield SS",
Kayne McGee,IF,R,R,Sophomore,West Liberty University,NCAA: Division 2,WV,"Mississippi Mills, Ont.",
Mathieu Gauthier,RHP,R,R,Senior,West Texas A&M University,NCAA: Division 2,TX,"Montreal, Quebec",
Malkolm Barrett,P,L,R,Junior,Wheeling Jesuit University,NCAA: Division 2,WV,"Brampton, Ontario, Canada / David Suzuki",
Hayden Wilcox,P,L,R,Sophomore,Wheeling Jesuit University,NCAA: Division 2,WV,"Victoria, British Columbia, Canada / Lambrick Park",
Dylan  Johnson,C,R,R,Junior,Adrian College,NCAA: Division 3,MI,"Etobicoke, Ontario  /  Toronto St. Michael's College School",
Andrew  Giorno,P,R,R,Junior,Adrian College,NCAA: Division 3,MI,"Toronto, Ontario  /  St. Michael's College School",
Alex  Cull,IF,R,R,Senior,Albion College,NCAA: Division 3,MI,"Windsor, Ontario  /  Riverside Secondary School/HFCC",
Teddy  Brimblecombe,RHP,R,R,Freshman,Albion College,NCAA: Division 3,MI,"Kitchener, ON  /  Cameron Heights Collegiate Institute",
Thomas Drouin,OF,L,R,Sophomore,Baruch College,NCAA: Division 3,NY,"Quebec City, Canada / Cardinal Roy",
Justin Henry,OF,,,Senior,Cabrini University,NCAA: Division 3,PA,"New Brunswick, NJ / Rutgers Prep",
Matthew Deen,P,R,L,Junior,Castleton University,NCAA: Division 3,VT,"Mississauga, Ont. / St. Marcellinus",
Michael Millross,UTL,L,R,Freshman,Elmira College,NCAA: Division 3,NY,"Ottawa, ONT",
Angus Adams,UTL,R,R,Junior,Elmira College,NCAA: Division 3,NY,"Ottawa, ONT",
Zach Marriott,IF,L,R,Freshman,Hendrix College,NCAA: Division 3,AR,"Oakville, Ontario / Saint Thomas Aquinas Secondary School",
Brandon Job,INF,L,R,Junior,Hilbert College,NCAA: Division 3,NY,"Maple, ON",
Colin Windle,P,R,R,Freshman,Hilbert College,NCAA: Division 3,NY,"Aurora, ON",
Jason Kauffeldt,OF,,,Sophomore,Houghton College,NCAA: Division 3,NY,"Oshawa, ON / O'Neill Collegiate",
Davis McMillan,OF,,,Sophomore,Houghton College,NCAA: Division 3,NY,"Oshawa, ON / Maxwell Heights Secondary",
Matt Fabian,IF,R,R,Sophomore,Ithaca College,NCAA: Division 3,NY,"Toronto, Ontario",
Jonah Offman,P,-,R,Senior,Johns Hopkins University,NCAA: Division 3,MD,"Thornhill, ON / Vaughan Secondary School",
Benjamen Bartholomew,OF,R,R,Junior,Knox College,NCAA: Division 3,IL,"Ottawa, ON / Nepean",
Spenser Ross,IF,R,R,Junior,Lawrence University,NCAA: Division 3,WI,"Mississauga, Ontario / King's Christian Collegiate",
Ty  Enns,INF,L,R,Sophomore,Marian University,NCAA: Division 3,WI,"Cartwright, Man.",
Liam  Carey,P,,,Freshman,Muskingum University,NCAA: Division 3,OH,"Georgetown, Ontario  /  Georgetown District",
Paul Georget,INF,R,R,Junior,Nebraska Wesleyan University,NCAA: Division 3,NE,"Airdrie, Canada",
Tyler Offman,1B,L,L,Freshman,New York University,NCAA: Division 3,NY,"Thornhill, Ontario / Vaughan Secondary",
Matt Simpson,C,,,Freshman,Northland College,NCAA: Division 3,WI,"Ladysmith, BC / Chemainus Secondary",
Zachary Bayfield,LHP,L,L,Junior,Oberlin College,NCAA: Division 3,OH,"Toronto, ON / St. Michael's College School",
Luigi Russo,1B-OF,L,R,Sophomore,Ohio Wesleyan University,NCAA: Division 3,OH,"Kelowna, B.C. / Rutland Senior",
Nick Hoyt,IF,R,R,Junior,Plymouth State University,NCAA: Division 3,NH,"Fredericton, New Brunswick / Leo Hayes",
Aidan Safar,P,R,R,Junior,Rensselaer Polytechnic Institute,NCAA: Division 3,NY,"Toronto, ON / Nelson",
Jack Moncur,IF,R,R,Junior,Rensselaer Polytechnic Institute,NCAA: Division 3,NY,"Burlington, ON / Notre Dame Catholic",
Jacob  Bonzon,IF,R,R,Sophomore,Roanoke College,NCAA: Division 3,VA,"Toronto, Canada  /  St. Augustine",
Bennett Duncan,P,R,R,Freshman,Rochester Institute of Technology,NCAA: Division 3,NY,"Hamilton, ON / Northern Secondary",
Sam  Jalbert,RHP,R,R,Junior,Saint Josephs College of Maine,NCAA: Division 3,ME,"Mascouche, Que.  /  Kents Hill",
Cristian Forgione,C/IN,,,Sophomore,St. Lawrence University,NCAA: Division 3,NY,"Toronto, Ontario / Royal St. George's College",
Chris Watson,IN,,,Sophomore,St. Lawrence University,NCAA: Division 3,NY,"Claremont, Ontario /",
Sebastien Dubois,IF,R,R,Sophomore,St. Norbert College,NCAA: Division 3,WI,"Ottawa, Ontario",
Mackenzie Mather,C,R,R,Junior,State University of New York at Canton,NCAA: Division 3,NY,"Kemptville, ON",
Connor Maxwell,OF/P,L,L,Sophomore,State University of New York at Cobleskill,NCAA: Division 3,NY,"Newport, N.Y. / West Canada Valley Central",
Benjamin Marsh,LHP,L,L,Senior,State University of New York at Oneonta,NCAA: Division 3,NY,"Halifax, Nova Scotia",
Riley  McErlean,C/P,R,R,Sophomore,The College of Wooster,NCAA: Division 3,OH,"Toronto, Canada",
Nick Holdershaw,OF,,,Freshman,University of Dubuque,NCAA: Division 3,IA,"Langley, British Columbia / North Surrey",
Shaun Logan,,,,Senior,University of Dubuque,NCAA: Division 3,IA,"Calgary, Canada / St. Mary's HS",
Rhys Morris,P,R,R,Senior,"University of Minnesota, Morris",NCAA: Division 3,MN,"Winnipeg, Manitoba",
Josh  Siemens,P/IF,L,R,Freshman,Whitworth University,NCAA: Division 3,WA,"Abbotsford, BC  /  MEI",
Sam Worthen,RHP,R,R,Freshman,Wilson College,NCAA: Division 3,PA,"Guelph, Ontario",
Travis Keys,LHP,R,L,Junior,Aquinas College,NAIA,MI,"London, Ontario",
Spencer Davis,RHP,R,R,Senior,Arizona Christian University,NAIA,AZ,"Regina, Saskatchewan, Canada",
Kaiden Zacharias,OF,,,Sophomore,Asbury University,NAIA,KY,"Lloydminster, Canada /",
Jakob MacLeod,RHP,R,R,Junior,Ave Maria University,NAIA,FL,"Toronto, Ontario, Canada / Malvern C.I.",
Zach Zinck,RHP,L,R,Junior,Ave Maria University,NAIA,FL,"Bridgewater, Nova Scotia, Canada / South Central HS",
Corey  Jackson,RHP,R,R,Senior,Bellevue University,NAIA,NE,"Calgary, Alta.",
Chuy  Jimenez,IF,R,R,Junior,Bellevue University,NAIA,NE,Canada College,
Kyle Taran,1B,R,R,Senior,Benedictine University at Mesa,NAIA,AZ,"Mississauga, Ontario",
Kyle  D'Angela,P,L,L,Sophomore,Bethany College,NAIA,KS,"Thorold, Ontario  /  Denis Morris",
Davis Young,OF,L,R,Freshman,Brewton-Parker College,NAIA,GA,"Evans High, ABAC",
Tyler Scott,IF,R,R,Senior,Bryan College,NAIA,TN,"Calgary, Alberta",
Anthony Marcano,INF,R,R,Sophomore,Campbellsville University,NAIA,KY,"Montreal, Quebec, Canada",
Bryce Oriold,RHP,R,R,Sophomore,Clarke University,NAIA,IA,"Lethbridge, Alberta",
Jesser Hernandez,RHP,R,R,Junior,Clarke University,NAIA,IA,Canada College,
Jesse  Fishbaum,OF,R,R,Senior,Cleary University,NAIA,MI,"Toronto, ON  /  -",
Colton  Fountain,C,R,R,Junior,Cleary University,NAIA,MI,"Statford,ON  /  -",
Spencer  Jamieson,1B,L,R,Freshman,Cleary University,NAIA,MI,"Burlington, Ontario  /  -",
Andrew  Jawdek,RHP,R,R,Freshman,Cleary University,NAIA,MI,"Halton Hills, Ontario  /  -",
Ethan  Jodouin,1B,L,R,Senior,Cleary University,NAIA,MI,"Sudbury, ON  /  -",
Daniel Freeman,OF,R,R,Freshman,Cornerstone University,NAIA,MI,"Oakville, Ontario / St. Ignatius of Loyola Catholic",
Roch Laferriere,OF,L,R,Freshman,Dakota State University,NAIA,SD,"Calgary, Alberta, Canada",
Brett Bantle,OF,L,R,Sophomore,Dickinson State University,NAIA,ND,"Saskatoon, SK, Canada",
Nathan Stark,P,R,R,Junior,Doane University,NAIA,NE,"Medicine Hat, Alberta",
Ben Baker,C,,,Freshman,Dordt College,NAIA,IA,"Toronto, Ontario",
Stephen Wade,LHP,L,L,Sophomore,Eastern Oregon University,NAIA,OR,"Victoria, B.C., Canada",
Marco Trejo,RHP,R,R,Sophomore,Edward Waters College,NAIA,FL,"Cancun, Quintana Roo, Mexico",
Tommy Reyes-Cruz,INF,L,L,Junior,Faulkner University,NAIA,AL,"Montreal, Quebec",
Riley Perks,1B/OF,L,L,Junior,Freed-Hardeman University,NAIA,TN,"Waterdown, Canada",
Eric Lindsay,RHP,R,R,Senior,Friends University,NAIA,KS,"Cambridge, Ontario",
Zach Demchenko,RHP,R,R,Senior,Friends University,NAIA,KS,"Okotoks, Alberta",
Luke Turino,INF,L,R,Sophomore,Georgetown College,NAIA,KY,"Toronto, Canada",
Eric Thrower,OF,R,R,Senior,Georgetown College,NAIA,KY,"Toronto, Canada",
McKillican,RHP,,,Junior,Georgia Gwinnett College,NAIA,GA,"Comox, British Columbia / University of British Columbia",
Keller,UTL,,,Senior,Georgia Gwinnett College,NAIA,GA,"Pilot Butte, Saskatchewan, Canada / Rogers State University (Okla.)",
Kobrosli,LHP,,,Sophomore,Georgia Gwinnett College,NAIA,GA,"Windsor, Ontario, Canada / Cameron University (Okla.)",
Reese Whelen,C,R,R,Sophomore,Goshen College,NAIA,IN,"Medicine Hat, Alberta",
Keegan Kwong,OF/P,R,R,Senior,Goshen College,NAIA,IN,"Edmonton, Alberta",
Eric Pettipiece,P,L,L,Freshman,Goshen College,NAIA,IN,"Dorchester, Ontario",
Matt Reyes,INF/C,R,R,Junior,Graceland University,NAIA,IA,"Vancouver, B.C., Canada",
Ethan Balogh,1B/OF,L,R,Sophomore,Graceland University,NAIA,IA,"Calgary, AB",
Daniel Lichty,IF,S,R,Senior,Huntington University,NAIA,IN,"Denfield, ONT",
Martin Eckard,RHP,R,R,Senior,Indiana Tech,NAIA,IN,"Victoria, British Columbia",
Tristan Osika,SS,S,R,Freshman,Indiana Tech,NAIA,IN,"Ancaster, Ontario",
Sean Kretz,LHP,L,L,Senior,Indiana Tech,NAIA,IN,"Burlington, Ontario",
Weston Markle,RHP,,,Sophomore,Indiana Tech,NAIA,IN,"Hamilton, Canada",
Brandon Clarke,P,R,R,Sophomore,Indiana University Kokomo,NAIA,IN,"Newmarket, Ontario",
Jordan Babcock,INF,L,R,Sophomore,Judson University,NAIA,IL,"Markham, ON, Canada",
Jacob Charron,C,R,R,Senior,Keiser University,NAIA,FL,"Ottawa, Ontario / Louis-Riel",
Josh Martinez,P/OF,R,R,Sophomore,La Sierra University,NAIA,CA,"Winnipeg, MB, Canada",
Nathan  Picchioni,RHP,R,R,Junior,Lawrence Technological University,NAIA,MI,"Ontario, Canada",
Alex Orenczuk,OF,R,R,Junior,"Louisiana State University, Alexandria",NAIA,LA,"London, Ontario, Canada",
Hunter Cunningham,RHP,R,R,Junior,"Louisiana State University, Shreveport",NAIA,LA,"Mission, B.C.",
Austin Tambellini,LHP,L,L,Senior,"Louisiana State University, Shreveport",NAIA,LA,"Nelson, B.C.",
Owen Napieralski,C,R,R,Sophomore,"Louisiana State University, Shreveport",NAIA,LA,"Delta, B.C.",
Josh Hare,INF,R,R,Freshman,Lourdes University,NAIA,OH,"Simcoe, Ont. / Holy Trinity",
Caelan Cunningham,OF,R,R,Freshman,Lourdes University,NAIA,OH,"Port Dover, Ont. / Holy Trinity Catholic",
Nick DiGennaro,INF,R,R,Freshman,Lourdes University,NAIA,OH,"Oakville, Ont. / St. Ignatius of Loyola",
Zack Banks,RHP,R,R,Junior,Lourdes University,NAIA,OH,"Saint Thomas, Ont. / Parkside C.I.",
Matt McEachern,OF,L,R,Freshman,Lourdes University,NAIA,OH,"Burlington, Ont. / Hayden Secondary",
Alex Pallottini,C,R,R,Sophomore,Lourdes University,NAIA,OH,"Burlington, Ont. / Aldershot Secondary",
Max Lojko,RHP,R,R,Sophomore,Lourdes University,NAIA,OH,"Barrie, Ont. / ESC Nouvelle-Alliance",
Tahj Smith,RHP,R,R,Sophomore,Lourdes University,NAIA,OH,"Brampton, Ont. / Chinguacousy Secondary",
Chris Bowles,RHP,R,R,Sophomore,Lourdes University,NAIA,OH,"Oakville, Ont. / T.A. Blakelock",
Bryn Biemiller,RHP,R,R,Freshman,Lourdes University,NAIA,OH,"Newmarket, Ont. / Bill Crothers Secondary",
Dustin Caplett,UTL,,,Junior,Lyon College,NAIA,AR,"Sundre Alberta, Canada",
Jayden Cull,UTL,,,Freshman,Lyon College,NAIA,AR,"Victoria, BC, Canada",
Daniel Gore,RHP,R,R,Senior,Madonna University,NAIA,MI,"Tecumseh, Ontario / St. Clair Community College",
Justin Philp,,,,Freshman,Madonna University,NAIA,MI,"Guelph, Ontario / Centennial Collegiate Vacational",
Jackson Hogg,OF,R,R,Sophomore,Marian University,NAIA,IN,"Surrey, British Columbia",
Matteo Porcellato,INF,L,R,Junior,Marian University,NAIA,IN,"Pitt Meadows, British Columbia",
Dion Wintjes,C/INF,R,R,Sophomore,Marian University,NAIA,IN,"Vancouver, British Columbia",
Payton DeLuca,IF,,,Junior,Mayville State University,NAIA,ND,"Ladner, BC",
Kaito Farquharson,P,,,Sophomore,Mayville State University,NAIA,ND,"Saltcoats, SK",
Brantt Wood,IF,,,Junior,Mayville State University,NAIA,ND,"Saskatoon, SK",
Gregor Farquharson,RHP,,,Freshman,Mayville State University,NAIA,ND,"Saltcoats, Saskatchewan",
Tyler Wood,SS,L,R,Senior,McPherson College,NAIA,KS,"Winnipeg, Manitoba",
Sergio Noriega,OF/LHP,R,R,Senior,Menlo College,NAIA,CA,Canada College,
Andres Gonzalez,IF,R,R,Junior,Mid-America Christian University,NAIA,OK,"Toronto, Ontario, Canada",
Ricky Alvarez,OF/P,R,R,Junior,Mid-America Christian University,NAIA,OK,"Mississauga, Ontario, Canada",
Hayden Rhody,P,R,R,Freshman,MidAmerica Nazarene University,NAIA,KS,"Thorsby, AB, Canada",
Jack Marlin,OF/C,R,R,Sophomore,Midway University,NAIA,KY,"Alberta, Canada",
Parker Walker,C,L,R,Junior,Midway University,NAIA,KY,"Minesing, Ontario",
Graeham Luttor,1B,R,R,Junior,Midway University,NAIA,KY,"Toronto, Canada",
Spencer Rankin,C,R,R,Junior,Missouri Valley College,NAIA,MO,"Richmond, British Columbia",
Zane Pollon,LHP,L,L,Sophomore,Mount Marty College,NAIA,SD,"Saskatchewan, Canada",
Daniel Rockwell,INF,L,R,Senior,Mount Marty College,NAIA,SD,"Victoria, BC, Canada",
David Draayers,IF,L,R,Freshman,Mount Mercy University,NAIA,IA,"Abbotsford, BC",
Hunter Dent,C,L,R,Sophomore,Mount Vernon Nazarene University,NAIA,OH,"Ontario, Canada",
Colton Harold,OF,,,Senior,Northwestern College,NAIA,IA,"Abbotsford, British Columbia / Yale Secondary",
Kayontae Alarcon,IF,L,R,Sophomore,Oakland City University,NAIA,IN,"Toronto, Ontario, Canada /",
Ethan Hunt,OF,R,R,Junior,Oklahoma Panhandle State University,NAIA,OK,"Elginburg, Ontario, Canada / Regiopolis Notre-Dame",
Austin Skelhorn,RHP,R,R,Senior,Ottawa University,NAIA,KS,"Aurora, Ontario, Canada",
Zachary Swanson,RHP,R,R,Sophomore,Park University Gilbert,NAIA,AZ,"Victoria, British Columbia",
Tyler Dobie,IF,R,R,Senior,Point Park University,NAIA,PA,"Toronto, Canada",
Jordan Dunkley,RHP,R,R,Junior,Point University,NAIA,GA,Canada College,
Brendan Gerbert,INF,R,R,Senior,Point University,NAIA,GA,"Surrey, B.C., Canada",
Kyle Angielski,OF/C,R,R,Senior,Presentation College,NAIA,SD,"Regina, SK, CAN",
Conall Sexton,P,L,L,Freshman,San Diego Christian College,NAIA,CA,"Abbotsford, BC",
Tyler Schindel,OF,L,R,Senior,San Diego Christian College,NAIA,CA,"Victoria, BC",
Anthony  Scali,INF,L,R,Freshman,Siena Heights University,NAIA,MI,"Pickering, Ontario, Canada  /  St. Mary Catholic",
David  Walling,OF,R,R,Sophomore,Siena Heights University,NAIA,MI,"Mississauga, Ontario, Canada  /  St. Joan of Arc Catholic",
Thomas  Bakoway,OF,R,L,Freshman,Siena Heights University,NAIA,MI,"Millarville, Alberta, Canada  /  Foothills Composite",
Jacob  Jackson,INF,R,R,Freshman,Siena Heights University,NAIA,MI,"Ajax, Ontario, Canada  /  Pickering",
Zach Diewert,OF,R,R,Senior,Southeastern University,NAIA,FL,"Chemainus, British Columbia, Canada / Chemainus Secondary School",
Noah Zimmer,RHP,L,R,Freshman,Southwestern Assemblies of God Univ,NAIA,TX,"Chilliwack, BC",
Jordan Bahnuk,RHP,R,R,Junior,Southwestern Christian University,NAIA,OK,"Woodstock, ON",
Max Von Gemmingen,C,L,R,Junior,Spring Arbor University,NAIA,MI,"Brampton, Ont. / Lakeland CC",
Dom Morea,1B,L,R,Sophomore,Tabor College,NAIA,KS,"Barrie, Ontario",
Caleb Lumbard,C,,,Sophomore,Texas Wesleyan University,NAIA,TX,"Regina, CAN / Mesa Community College",
Matthew Clay,OF,L,L,Senior,The College of Idaho,NAIA,ID,"Port Moody, B.C. (Heritage Woods SS/Monterey Pacific CC)",
Ben Tighe,RHP,R,R,Junior,The College of Idaho,NAIA,ID,"Okotoks, Alberta (Foothills Composite HSWilliston State CC)",
Jordan Lewis,OF,R,R,Freshman,Union College,NAIA,KY,"Brampton, Ontario, Canada",
Wyatt Schnorr,C/OF,R,R,Sophomore,University of British Columbia,NAIA,BC,"Vancouver, B.C.",
Cameron Sanderson,IF,R,R,Freshman,University of British Columbia,NAIA,BC,"London, Ont.",
Ty Penner,IF,L,R,Sophomore,University of British Columbia,NAIA,BC,"Lethbridge, Alta.",
Mike Fitzsimmons,IF,R,R,Sophomore,University of British Columbia,NAIA,BC,"Chilliwack, B.C.",
Nolan Weger,IF,R,R,Junior,University of British Columbia,NAIA,BC,"Surrey, B.C.",
Liam Vulcano,IF,R,R,Sophomore,University of British Columbia,NAIA,BC,"Surrey, B.C.",
Kyle Stubbins,P,R,R,Junior,University of British Columbia,NAIA,BC,"Surrey, B.C.",
Vicarte Domingo,P/IF,R,R,Freshman,University of British Columbia,NAIA,BC,"Vancouver, B.C.",
Jordan Dray,OF,R,R,Junior,University of British Columbia,NAIA,BC,"White Rock, B.C.",
Hilo Yamamoto,IF,R,R,Freshman,University of British Columbia,NAIA,BC,"Whistler, B.C.",
Luciano Letteri,OF,R,R,Freshman,University of British Columbia,NAIA,BC,"Coquitlam, B.C.",
Jake Richmond-Benner,P,L,L,Freshman,University of British Columbia,NAIA,BC,"Gibsons, B.C.",
Thomas Grilli,C/IF,R,R,Sophomore,University of British Columbia,NAIA,BC,"Mississauga, Ont",
Kyle Anderson,OF,L,R,Freshman,University of British Columbia,NAIA,BC,"Burnaby, B.C.",
Noah Or,C,R,R,Sophomore,University of British Columbia,NAIA,BC,"Richmond, B.C.",
Jared Spearing,P,L,L,Junior,University of British Columbia,NAIA,BC,"Winnipeg, Man.",
Brett Corbeth,C,R,R,Sophomore,University of British Columbia,NAIA,BC,"London, Ont.",
Ben Mitchell,OF,R,R,Sophomore,University of British Columbia,NAIA,BC,"Pickering, Ont.",
Jaxon Valcke,IF/OF,L,R,Junior,University of British Columbia,NAIA,BC,"Stratford, Ont.",
Brendan Logan,P,R,R,Sophomore,University of British Columbia,NAIA,BC,"Oyen, Alta.",
Ryan Beitel,P/IF,R,R,Freshman,University of British Columbia,NAIA,BC,"Surrey, B.C.",
Adam Maier,P/OF,R,R,Freshman,University of British Columbia,NAIA,BC,"North Vancouver, B.C.",
Brandon Hupe,OF,R,R,Sophomore,University of British Columbia,NAIA,BC,"Vancouver, B.C.",
Aidan Rose,IF,R,R,Freshman,University of British Columbia,NAIA,BC,"Calgary, Alta.",
Nathan Shute,C,L,R,Sophomore,University of British Columbia,NAIA,BC,"Oakville, Ont.",
Shane Laforest,P,R,R,Sophomore,University of British Columbia,NAIA,BC,"Belle River, Ont.",
Jonny McGill,OF,L,R,Freshman,University of British Columbia,NAIA,BC,"Richmond, B.C.",
Daniel Sereda,P,L,L,Sophomore,University of British Columbia,NAIA,BC,"Vancouver, B.C.",
Adam McKillican,P,R,R,Junior,University of British Columbia,NAIA,BC,"Comox, B.C.",
Justin Adamoski,P,R,R,Freshman,University of British Columbia,NAIA,BC,"Burnaby, B.C.",
Garrett Hawkins,P,R,R,Sophomore,University of British Columbia,NAIA,BC,"Biggar, Sask.",
Connor Sparks,P,R,R,Sophomore,University of British Columbia,NAIA,BC,"Saskatoon, Sask.",
Finnigan Duffield,P,L,L,Junior,University of British Columbia,NAIA,BC,"Edmonton, Alta.",
James Bradwell,P,R,R,Senior,University of British Columbia,NAIA,BC,"Gibsons, B.C.",
Branden Woods,P,L,L,Freshman,University of British Columbia,NAIA,BC,"Red Deer, Alta.",
Ardan Berg,P,R,R,Freshman,University of British Columbia,NAIA,BC,"Victoria, B.C.",
Aidan Armitage,P,R,R,Freshman,University of Saint Francis,NAIA,IN,"Waterloo, ON",
Tanner Bercier,RHP,R,R,Junior,University of Science and Arts of Oklahoma,NAIA,OK,"La Salle, Canada",
Drew Nixon,INF,R,R,Junior,Valley City State University,NAIA,ND,"Toronto, Ontario",
William Hlady,RHP,R,R,Senior,Valley City State University,NAIA,ND,"Dauphin, Manitoba",
Zach Saufl,P,R,R,Freshman,Vanguard University,NAIA,CA,"Oakville, Ontario, Canada",
Rilley Dube,C,,,Junior,West Virginia University Institute of Technology,NAIA,WV,"Sudbury, Ontario, Canada / E.S.C. I'Horizon",
Jesse Kool,,,,Freshman,West Virginia University Institute of Technology,NAIA,WV,"Barrie, Ontario, Canada / St. Peters Catholic Secondary School",
Declan Shaw,RHP/1B,,,Freshman,West Virginia University Institute of Technology,NAIA,WV,"Whitby, Ontario, Canada / Bill Crothers Secondary School",
Kevin Jordan Jr.,IF,R,R,Senior,William Jessup University,NAIA,CA,"Wellington Point, Queensland, Australia",
Dustin McElwain,OF,R,R,Freshman,William Jessup University,NAIA,CA,"Richmond, British Columbia, Canada",
Brett Wetteland,RHP,R,R,Senior,William Jessup University,NAIA,CA,Canada College,
Soren Graversen,IF/OF,L,R,Junior,William Penn University,NAIA,IA,"Calgary, Alberta",
Nick George,UT,S,R,Freshman,William Penn University,NAIA,IA,"Sarnia, Ontario",
Jameson Hart,OF/P,L,R,Senior,William Penn University,NAIA,IA,"Sarnia, Ontario",
Logan Blumhagen,LHP,L,L,Freshman,William Woods University,NAIA,MO,"Alberta, Canada",
Daniel Martin,OF,,,Sophomore,Yavapai,Junior Colleges and Community Colleges: Division 1,AZ,"Langley, BC / Langley Secondary",
Declan Dutton,RHP,,,Sophomore,Yavapai,Junior Colleges and Community Colleges: Division 1,AZ,"Vancouver, BC / St. George’s",
Lukas  Barry,P,R,R,Freshman,Connors State,Junior Colleges and Community Colleges: Division 1,OK,"Mississauga, ONT  /  -",
Nico  Saldias,P,R,R,Freshman,Connors State,Junior Colleges and Community Colleges: Division 1,OK,"Ajax, ONT  /  -",
Dawson  Walters,1B,R,R,Freshman,Eastern Oklahoma State,Junior Colleges and Community Colleges: Division 1,OK,"Toronto, ON  /  -",
Brett  Jackson,RHP,R,R,Sophomore,Seminole State (OK),Junior Colleges and Community Colleges: Division 1,OK,Langley  /  British Columbia,
David Barron,"LHP,1B",,,Freshman,South Suburban,Junior Colleges and Community Colleges: Division 1,IL,"Winnipeg South AAA (Manitoba, Canada)",
Victor Plaz,INF,,,Sophomore,Clarendon,Junior Colleges and Community Colleges: Division 1,TX,"Montreal, Quebec",
Nick Graham,RHP,,,Sophomore,Clarendon,Junior Colleges and Community Colleges: Division 1,TX,"Abbotsford, British Columbia",
Parker Wakelyn,RHP,,,Freshman,Clarendon,Junior Colleges and Community Colleges: Division 1,TX,"Abbotsford, British Columbia",
Dylan Howard,C,,,Freshman,Frank Phillips,Junior Colleges and Community Colleges: Division 1,TX,"Ontario, Canada",
Bailey Coish,OF,,,Freshman,Frank Phillips,Junior Colleges and Community Colleges: Division 1,TX,"Fort McMurray, Alberta Canada",
Colton Taylor,RHP,,,Sophomore,Frank Phillips,Junior Colleges and Community Colleges: Division 1,TX,"Amherstburg, Canada",
Jonah  Weisner,INF,L,R,Sophomore,Allen County,Junior Colleges and Community Colleges: Division 1,KS,"Mission, BC  /  Mission Senior",
Josh  Fluet,P,R,R,Freshman,Allen County,Junior Colleges and Community Colleges: Division 1,KS,"White Rock, BC, Canada  /  Elgin Park Secondary",
Kendell  Keller,OF,L,R,Freshman,Barton,Junior Colleges and Community Colleges: Division 1,KS,"Pilot Butte, SK, Canada  /  Foothills Composite",
Jean-Luc  Bussieres,C,R,R,Freshman,Barton,Junior Colleges and Community Colleges: Division 1,KS,"Edmonton, AB, Canada  /  Foothills Composite",
Graham  Brunner,LHP,L,L,Sophomore,Barton,Junior Colleges and Community Colleges: Division 1,KS,"Sherwood Park, AB, Canada  /  Foothills Composite",
Jaden Parsons,INF,,,Rs.,Cloud County,Junior Colleges and Community Colleges: Division 1,KS,"Vernon, British Columbia / Vernon Secondary",
Williams Camacho-Soto,3B/OF,,,Freshman,Cloud County,Junior Colleges and Community Colleges: Division 1,KS,"Burnaby, British Columbia / Burnaby Central Secondary",
Brady Kobitowich,RHP,,,Freshman,Cloud County,Junior Colleges and Community Colleges: Division 1,KS,"Edmonton, Alberta / Bellerose Composite HS",
Jarod Leroux,RHP,,,Rs.,Cloud County,Junior Colleges and Community Colleges: Division 1,KS,"Vernon, British Columbia / Vernon Secondary",
Kayden Beauregard,C,,,Rs.,Cloud County,Junior Colleges and Community Colleges: Division 1,KS,"Abottsford, British Columbia / Yale Secondary",
Evan Wilde,LHP/1B,,,Rs.,Cloud County,Junior Colleges and Community Colleges: Division 1,KS,"Airdrie, Alberta / Bert Church HS",
Liam Bates,RHP,,,Freshman,Cloud County,Junior Colleges and Community Colleges: Division 1,KS,"Vancouver, British Columbia /",
Ty Wevers,C,,,Freshman,Cloud County,Junior Colleges and Community Colleges: Division 1,KS,"Lethbridge, Alberta, Canada / Vauxhall HS",
Haden Dow,LHP,,,Freshman,Cloud County,Junior Colleges and Community Colleges: Division 1,KS,"St. John, New Brunswick /",
Chad  Picton,IF,R,R,Freshman,Colby,Junior Colleges and Community Colleges: Division 1,KS,"Winnipeg, Manitoba  /  -",
Tucker  Zdunich,OF,L,R,Sophomore,Colby,Junior Colleges and Community Colleges: Division 1,KS,"High River, Alberta  /  -",
Kyle  Bloor,P,R,R,Sophomore,Colby,Junior Colleges and Community Colleges: Division 1,KS,"Lethbridge, Alberta  /  -",
Tyler  McWillie,P/1B,R,R,Sophomore,Colby,Junior Colleges and Community Colleges: Division 1,KS,"Waltrous, Saskatchewan  /  -",
AJ  Yamaguchi,P/1B,R,R,Freshman,Colby,Junior Colleges and Community Colleges: Division 1,KS,"Vancouver, British Columbia  /  -",
Brayden  Cust,P/OF,L,R,Freshman,Colby,Junior Colleges and Community Colleges: Division 1,KS,"Edmonton, Alberta  /  -",
Kyle  Froehlich,P/IF,L,R,Freshman,Colby,Junior Colleges and Community Colleges: Division 1,KS,"Nipawin, Saskatchewan  /  -",
John  Vulcano,IF,R,R,Freshman,Colby,Junior Colleges and Community Colleges: Division 1,KS,"Cloverdale, BC  /  -",
Joel  McGrath,P,R,R,Freshman,Colby,Junior Colleges and Community Colleges: Division 1,KS,"Kindersley, Saskachewan  /  -",
Zach  Olson,OF,R,R,Sophomore,Colby,Junior Colleges and Community Colleges: Division 1,KS,"Red Deer, Alberta  /  -",
Cleary  Simpson,IF,L,R,Freshman,Colby,Junior Colleges and Community Colleges: Division 1,KS,"Red Deer, Alberta  /  -",
Matthew  Dobberthien,P/OF,R,R,Freshman,Colby,Junior Colleges and Community Colleges: Division 1,KS,"Calbary, Alberta  /  -",
Jared  Arnold,P,R,R,Freshman,Colby,Junior Colleges and Community Colleges: Division 1,KS,"Red Deer, Alberta  /  -",
Felix  Chenier-Rondeau,OF,L,L,Freshman,Cowley,Junior Colleges and Community Colleges: Division 1,KS,"Quebec, ON",
Olivier  Laroque,RHP,R,R,Freshman,Cowley,Junior Colleges and Community Colleges: Division 1,KS,"Quebec, ON",
Ethan Baptie,OF,R,R,Freshman,Dodge City,Junior Colleges and Community Colleges: Division 1,KS,"Woodstock, ONT",
Dimitri Stamatopoulos,RHP,R,R,Freshman,Dodge City,Junior Colleges and Community Colleges: Division 1,KS,"Toronto, ONT",
Udhay Bal,3B/1B,R,R,Freshman,Dodge City,Junior Colleges and Community Colleges: Division 1,KS,"Brampton, ONT",
Will  Gardner,INF,,,Freshman,Garden City,Junior Colleges and Community Colleges: Division 1,KS,St. Albert Alberta Canada  /  -,
Samuel Mitcham,C,,,Freshman,Highland (KS),Junior Colleges and Community Colleges: Division 1,KS,"Toronto, ON, Canada /",
Justin Carinci,INF/OF,,,Freshman,Highland (KS),Junior Colleges and Community Colleges: Division 1,KS,"Toronto, ON, Canada /",
Jacob Gajic,LHP,,,Freshman,Highland (KS),Junior Colleges and Community Colleges: Division 1,KS,"Hamilton, Ontario, Canada /",
Jake Bucovetsky,OF/1B,,,Freshman,Highland (KS),Junior Colleges and Community Colleges: Division 1,KS,"Toronto, ON, Canada /",
Arlen  Peters,P/IF,R,R,Freshman,Johnson County,Junior Colleges and Community Colleges: Division 1,KS,"Schanzenfeld, Canada  /  Garden Valley Collegiate",
Bennett  Moore,P,R,R,Freshman,Johnson County,Junior Colleges and Community Colleges: Division 1,KS,"Goderich, Ontario  /  Goderich",
Jake  Carroll,C,R,R,Sophomore,Pratt,Junior Colleges and Community Colleges: Division 1,KS,"Rawdon, Quebec, Canada  /  Academy Les Estacades",
Blake  Pongracz,LHP/OF,L,L,Freshman,Pratt,Junior Colleges and Community Colleges: Division 1,KS,"Saskatoon, Saskatchewan, Canada  /  Okotoks Composite High School",
Ryan  McFarland,RHP,R,R,Sophomore,Pratt,Junior Colleges and Community Colleges: Division 1,KS,"Calgary, Alberta, Canada  /  St. Mary's High School",
Quinn  Tocheniuk,RHP,R,R,Sophomore,Pratt,Junior Colleges and Community Colleges: Division 1,KS,"Okotoks, Alberta, Canada  /  Foothills Composite High School",
Jacob  Brault,RHP,R,R,Sophomore,Pratt,Junior Colleges and Community Colleges: Division 1,KS,"Blainville, Quebec, Canada  /  Saint-Gabriel School",
Hugo  Pepin,RHP/1B,L,R,Freshman,Pratt,Junior Colleges and Community Colleges: Division 1,KS,"Boucherville, Quebec, Canada  /  De Mortagne High School",
Justin  Bradt,LHP,,,Freshman,Cleveland State,Junior Colleges and Community Colleges: Division 1,TN,"Burlington, Ontario  /  M.M. Robinson High School",
Gabriel Monterrey,INF,,,Freshman,Roane State,Junior Colleges and Community Colleges: Division 1,TN,"Ontario, Canada/ St. Ignatius",
Drew  Howard,RHP,R,R,Freshman,Chipola,Junior Colleges and Community Colleges: Division 1,FL,"Whitby, Canada  /  All Saints Catholic HS",
Alfonso  Villalobos,IF,R,R,Freshman,Chipola,Junior Colleges and Community Colleges: Division 1,FL,"Kirkland, Canada  /  Chene Blue HS",
Cedric  De Grandpre,RHP,R,R,Freshman,Chipola,Junior Colleges and Community Colleges: Division 1,FL,"St. Simon, Canada  /  Ecole Secondaire Fadette",
Brett  Jackson,RHP,R,R,Sophomore,Seminole State (FL),Junior Colleges and Community Colleges: Division 1,FL,Langley  /  British Columbia,
Colbey  Klepper,RHP,R,R,Freshman,Lamar,Junior Colleges and Community Colleges: Division 1,CO,"Stony Plains, AB  /  -",
Reece Keller,RHP,,,Freshman,McCook,Junior Colleges and Community Colleges: Division 1,NE,"Spruce Grove, Alberta / Vauxhall",
Blake Davidson,RHP,,,Freshman,McCook,Junior Colleges and Community Colleges: Division 1,NE,"Calgary, Alberta / Bowness",
Travis Frank,LHP,,,Freshman,McCook,Junior Colleges and Community Colleges: Division 1,NE,"Terrace, British Columbia / Dover Bay",
Deagan Morcom,OF,,,Freshman,McCook,Junior Colleges and Community Colleges: Division 1,NE,"Winnipeg, Manitoba / Foothills Composite",
Brady  Howg,RHP,R,R,Freshman,Northeastern,Junior Colleges and Community Colleges: Division 1,CO,"Vauxhall, AB",
Stefan  Mielzynski,1B/DH,L,R,Freshman,Otero,Junior Colleges and Community Colleges: Division 1,CO,"Waterdown, ONT",
Ethan  Hammond,OF,,,Sophomore,Trinidad State,Junior Colleges and Community Colleges: Division 1,CO,"Oakville, ON, Canada  /  White Oaks",
Rei  Kimura,IF,L,R,Freshman,Western Nebraska,Junior Colleges and Community Colleges: Division 1,NE,"Osaka, Japan  /  Lambrick Park Secondary (BC, Canada)",
Will  Potter,LHP,L,L,Freshman,Western Nebraska,Junior Colleges and Community Colleges: Division 1,NE,"Kincardine, Ontario  /  -",
Dawson  Hurford,RHP,R,R,Freshman,Western Nebraska,Junior Colleges and Community Colleges: Division 1,NE,"Victoria, British Columbia  /  Langley Secondary",
Charles  Lefebvre,RHP,R,R,Freshman,Indian Hills,Junior Colleges and Community Colleges: Division 1,IA,"Laval, Canada  /  College Laval",
Justin  L'Archeveque,INF,R,R,Freshman,Indian Hills,Junior Colleges and Community Colleges: Division 1,IA,"Montreal, QC, CAN  /  Edouard-Montpetit HS",
Samuel  Fortier,OF,R,R,Sophomore,Indian Hills,Junior Colleges and Community Colleges: Division 1,IA,"Quebec, CAN  /  Cardinal-Roy",
Pier-Olivier  Boucher,OF,L,R,Freshman,Indian Hills,Junior Colleges and Community Colleges: Division 1,IA,"Quebec, Canada  /  Pointe-Levy",
Ryan  Telenko,INF,L,R,Freshman,Indian Hills,Junior Colleges and Community Colleges: Division 1,IA,"Edmonton, AB, CAN  /  Belrose HS",
Maxime  Adam,OF,L,R,Freshman,Indian Hills,Junior Colleges and Community Colleges: Division 1,IA,"Montreal, QC, CAN  /  Notre Dame College",
Evan  O'Toole,RHP/OF,R,R,Freshman,Iowa Western,Junior Colleges and Community Colleges: Division 1,IA,"Bridgewater, NS, CA  /  Vauxhall Academy of Baseball",
Jaden  Brown,IF,R,R,Freshman,Iowa Western,Junior Colleges and Community Colleges: Division 1,IA,"Toronto, Ontario, CA  /  St. Marcellinus",
Noah  Hull,IF/OF,L,R,Freshman,Iowa Western,Junior Colleges and Community Colleges: Division 1,IA,"Scarborough, ON, CAN  /  Sir Oliver Mowat Collegiate",
Josh  Mendoza,OF,L,L,Freshman,Marshalltown,Junior Colleges and Community Colleges: Division 1,IA,"Mississauga, ON, Canada",
Joel  Suraganan,IF,R,R,Freshman,Marshalltown,Junior Colleges and Community Colleges: Division 1,IA,"Pickering, ON, Canada",
Tyler  Lawrence,RHP,R,R,Freshman,Marshalltown,Junior Colleges and Community Colleges: Division 1,IA,"Burlington, ON, Canada",
Tom  Leathem,RHP,R,R,Freshman,Marshalltown,Junior Colleges and Community Colleges: Division 1,IA,"St. Albert, AB, Canada",
Riley  McKinnon,RHP,R,R,Freshman,Marshalltown,Junior Colleges and Community Colleges: Division 1,IA,"Burlington, Ontario",
Jackson  Stephen,OF/RHP,R,R,Freshman,Marshalltown,Junior Colleges and Community Colleges: Division 1,IA,"Cowichan Bay, British Columbia, Canada",
Anderson  Fenton,LHP,R,L,Freshman,Marshalltown,Junior Colleges and Community Colleges: Division 1,IA,"Ridgetown, ON, Canada",
Josh  Ironside,RHP,R,R,Freshman,Marshalltown,Junior Colleges and Community Colleges: Division 1,IA,"St. Albert, AB, Canada",
Darius  Armorer,OF/RHP,R,R,Freshman,Bossier Parish,Junior Colleges and Community Colleges: Division 1,LA,"Whitby, Ontario, CAN  /  Sinclair Secondary School",
Justin  Breen,IF,R,R,Freshman,Bossier Parish,Junior Colleges and Community Colleges: Division 1,LA,"Fort McMurry, Alberta, CAN  /  Foot Hills Composite HS",
Flynn  Ridley,RHP,R,R,Freshman,Panola,Junior Colleges and Community Colleges: Division 1,TX,"Burnaby, Canada  /  -",
Emile Boies,IF/RHP,L,R,Freshman,Monroe College,Junior Colleges and Community Colleges: Division 1,NY,"Quebec, Canada / Ecole Secondaire Pointe-Levy",
Nick  Tremblay,OF,L,R,Freshman,Crowder,Junior Colleges and Community Colleges: Division 1,MO,"Saint-Hilaire, QC  /  Foothills Composite",
Adamo  Stornello,C,L,R,Freshman,Crowder,Junior Colleges and Community Colleges: Division 1,MO,"Montreal, QC  /  Loyola",
Simon  Grinberg,OF/C,,,Freshman,Crowder,Junior Colleges and Community Colleges: Division 1,MO,"Kitchener, ON  /  St. Mary's",
Russell  Derbyshire,RHP,R,R,Freshman,Mineral Area,Junior Colleges and Community Colleges: Division 1,MO,"Leamington, ON Canada  /  -",
Brady  Renneberg,RHP/INF,R,R,Freshman,Mineral Area,Junior Colleges and Community Colleges: Division 1,MO,"Kelowna, BC Canada  /  -",
Connor  Hicks,C,R,R,Sophomore,Mineral Area,Junior Colleges and Community Colleges: Division 1,MO,"Toronto, ON Canada  /  -",
Dayton  Peters,OF,R,R,Sophomore,Mineral Area,Junior Colleges and Community Colleges: Division 1,MO,"Abbotsford, BC Canada  /  -",
Ben  Jones,IF,R,R,Sophomore,Mineral Area,Junior Colleges and Community Colleges: Division 1,MO,"Toronto, ON Canada  /  -",
Nathan  Landry,LHP,L,L,Sophomore,Mineral Area,Junior Colleges and Community Colleges: Division 1,MO,"Quebec, Canada  /  -",
Maddux  Mateychuk,RHP,R,R,Freshman,Mineral Area,Junior Colleges and Community Colleges: Division 1,MO,"Dominion City, Manitoba Canada  /  -",
Adam  Renneberg,RHP/C,R,R,Freshman,Mineral Area,Junior Colleges and Community Colleges: Division 1,MO,"Kelowna, BC Canada  /  -",
Alex  Vince,LHP,L,L,Freshman,Mineral Area,Junior Colleges and Community Colleges: Division 1,MO,"Toronto, ON Canada  /  -",
Stefan  Turino,OF,R,L,Freshman,Three Rivers,Junior Colleges and Community Colleges: Division 1,MO,"Toronto, Canada  /  -",
Logan  Keating,OF,R,L,Freshman,Three Rivers,Junior Colleges and Community Colleges: Division 1,MO,"Kelowna, British Columbia  /  -",
Cody  Bond,RHP,R,R,Sophomore,Three Rivers,Junior Colleges and Community Colleges: Division 1,MO,"Newmarket, Ontario  /  -",
Fynn Chester,RHP,R,R,Sophomore,Salt Lake,Junior Colleges and Community Colleges: Division 1,UT,"Victoria, BC / Lambrick Park",
Damiano Palmegiani,INF,R,R,Sophomore,Southern Nevada,Junior Colleges and Community Colleges: Division 1,NV,"Surrey, BC / Vauxhall Academy",
Ronnel  Castro,INF,R,R,Freshman,Frontier,Junior Colleges and Community Colleges: Division 1,IL,"Kelowna, British Columbia  /  -",
Sean  Pettener,IF,L,R,Freshman,Rend Lake,Junior Colleges and Community Colleges: Division 1,IL,"Hamilton, ONT  /  -",
Rob  Lindsay,RHP/OF,R,R,Freshman,Rend Lake,Junior Colleges and Community Colleges: Division 1,IL,"Mississauga, ONT  /  -",
Dawson Neal,C/CIF,L,R,Sophomore,Southeastern Illinois,Junior Colleges and Community Colleges: Division 1,IL,"Victoria, BC",
Ben  Grant,IF,,,Freshman,Chandler-Gilbert,Junior Colleges and Community Colleges: Division 2,AZ,"Vancouver, BC  /  -",
Kaden  Rose,RHP,R,R,Freshman,Mesa,Junior Colleges and Community Colleges: Division 2,AZ,"Chandler, AZ  /  American Leadership Academy QC",
Noah Case,3B,R,R,Freshman,Murray State,Junior Colleges and Community Colleges: Division 2,OK,"Toronto, ON",
Thomas  Little,LHP,L,L,Freshman,Northern Oklahoma Enid,Junior Colleges and Community Colleges: Division 2,OK,"Lethbridge, Alberta, Canada  /  Vauxhall Academy",
Azhar  Khan,P,,,Freshman,Bryant & Stratton College (WI),Junior Colleges and Community Colleges: Division 2,WI,"Toronto, ON  /  Bur Oak Secondary",
Kai  Reum,P/INF,R,R,Freshman,Iowa Central,Junior Colleges and Community Colleges: Division 2,IA,Alberta CAN,
Noah  Murphy-Sealy,1B,R,R,Sophomore,Iowa Lakes,Junior Colleges and Community Colleges: Division 2,IA,"Aurora, ON",
Lucas  Gilbert,RHP,R,R,Freshman,North Iowa Area,Junior Colleges and Community Colleges: Division 2,IA,"Belleville, Ontario, Canada  /  -",
Franco  Barbieri,OF,L,R,Freshman,North Iowa Area,Junior Colleges and Community Colleges: Division 2,IA,"Brampton, Ontario, Canada  /  -",
Anthony  Silvera Jr.,1B,R,R,Freshman,Northeast,Junior Colleges and Community Colleges: Division 2,NE,"Toronto, Ontario, Canada  /  Chaminade College School",
Noel  McGarry-Doyle,OF,L,R,Freshman,Southeastern,Junior Colleges and Community Colleges: Division 2,IA,"Vaughan, Ontario, Canada  /  St. Elizabeth High School",
Shayne  Campbell,C,R,R,Sophomore,Southeastern,Junior Colleges and Community Colleges: Division 2,IA,"Winnipeg, Manitboa, Canada  /  Vauxhall Academy",
Duncan  McLaughlin,RHP,R,R,Freshman,Southeastern,Junior Colleges and Community Colleges: Division 2,IA,"Dartmouth, Nova Scotia, Canada  /  King's-Edgehill High School",
Alexander  Mio,LHP,L,L,Sophomore,Southeastern,Junior Colleges and Community Colleges: Division 2,IA,"Windsor, Ontario, Canada  /  Windsor High School",
Owen  Benson,OF,R,R,Junior,Lake Michigan,Junior Colleges and Community Colleges: Division 2,MI,"Toronto, Canada  /  Birchmount Park",
Jacob  Mahoney,C,R,R,Sophomore,Lake Michigan,Junior Colleges and Community Colleges: Division 2,MI,"Toronto, Canada  /  York Mills Collegiate Institute",
Marshall  Leishman,P,L,L,Sophomore,Lake Michigan,Junior Colleges and Community Colleges: Division 2,MI,"Toronto, Canada  /  Greenwood Collegiate School",
Joel  Connors,C,L,R,Sophomore,Lakeland,Junior Colleges and Community Colleges: Division 2,OH,"Brampton, Ontario  /  Heart Lake",
Ethan  Sansaie-Edwards,OF/P,R,R,Sophomore,St. Clair County,Junior Colleges and Community Colleges: Division 2,MI,Mississauga (ONT)  /  -,
Jamal  Armstrong,OF,R,R,Freshman,St. Clair County,Junior Colleges and Community Colleges: Division 2,MI,Richview Collegiate (ONT)  /  -,
Benjamin  Bierd,IF,R,R,Freshman,Bay College,Junior Colleges and Community Colleges: Division 2,MI,"Montreal, QC",
Tory  Nelson,IF,R,R,Freshman,Bismarck State,Junior Colleges and Community Colleges: Division 2,ND,"Medicine Hat, AB",
Logan  Grant,IF/C,L,R,Freshman,Bismarck State,Junior Colleges and Community Colleges: Division 2,ND,"Calgary, AB",
Reece  Lysack,C,R,R,Sophomore,Bismarck State,Junior Colleges and Community Colleges: Division 2,ND,"Regina, SK",
Carter  Scott,,R,R,Freshman,Dakota,Junior Colleges and Community Colleges: Division 2,ND,"Airdrie, Alberta  /  -",
Louis-Christophe  Turcotte,IF,R,R,Sophomore,Dakota,Junior Colleges and Community Colleges: Division 2,ND,"Montreal, Que. Canada  /  -",
Tanner  Clyne,,R,R,Freshman,Dakota,Junior Colleges and Community Colleges: Division 2,ND,"Boissevain, Manitoba  /  -",
Joben  Smith,,R,R,Freshman,Dakota,Junior Colleges and Community Colleges: Division 2,ND,"Boissevain, Manitoba  /  -",
Dawson  Rempel,P,R,R,Sophomore,Dakota,Junior Colleges and Community Colleges: Division 2,ND,"Altona, MB Canada  /  -",
Tyson  Pringle,,R,R,Freshman,Dakota,Junior Colleges and Community Colleges: Division 2,ND,"Boissevain, Manitoba  /  -",
Brock  Alexander,,R,R,Freshman,Dakota,Junior Colleges and Community Colleges: Division 2,ND,"Calgary, Alberta  /  -",
Matt  Trulson,C,R,R,Freshman,Dakota,Junior Colleges and Community Colleges: Division 2,ND,"Maple Ridge, British Columbia  /  -",
Jesse  Skelton,,R,R,Freshman,Dakota,Junior Colleges and Community Colleges: Division 2,ND,"Hartney, Manitoba  /  -",
Erik  Lemberg,OF,R,R,Sophomore,Dakota,Junior Colleges and Community Colleges: Division 2,ND,"Kitchener, Ont. Canada  /  -",
Brody  Black,OF,R,R,Freshman,Dawson,Junior Colleges and Community Colleges: Division 2,MT,"Ontario, Canada  /  -",
Nathan  Scragg,MIF,R,R,Sophomore,Dawson,Junior Colleges and Community Colleges: Division 2,MT,"Ontario, Canada  /  -",
Chris  Louie,OF,R,R,Sophomore,Dawson,Junior Colleges and Community Colleges: Division 2,MT,"Calgary, Canada  /  -",
Ethan  Paulos,OF,R,R,Freshman,Dawson,Junior Colleges and Community Colleges: Division 2,MT,"Ontario, Canada  /  -",
Mathew  Bomersback,RHP,R,R,Freshman,Dawson,Junior Colleges and Community Colleges: Division 2,MT,"Quebec, Canada  /  -",
Carson  Heroux,LHP,L,L,Sophomore,Lake Region State,Junior Colleges and Community Colleges: Division 2,ND,"Thunder Bay, Ontario  /  Hammarskjold High School",
Robert  Nickell,"C,INF",L,R,Sophomore,Lake Region State,Junior Colleges and Community Colleges: Division 2,ND,"Cranbrook, BC  /  Mount Baker Secondary",
Daniel  Mercandelli,RHP,R,R,Sophomore,Lake Region State,Junior Colleges and Community Colleges: Division 2,ND,"Cranbrook, BC  /  Mount Baker Secondary",
Jaret  Lupton,INF,S,R,Sophomore,Lake Region State,Junior Colleges and Community Colleges: Division 2,ND,"Paris, CAN  /  Assumption College School",
Patrick  Tangen,RHP,R,R,Freshman,Lake Region State,Junior Colleges and Community Colleges: Division 2,ND,"Mission, BC  /  Yale Secondary",
Tim  Holyk,IF,R,R,Sophomore,Miles,Junior Colleges and Community Colleges: Division 2,MT,"Nanaimo, British Columbia",
Keith  Manby,RHP/INF,R,R,Sophomore,Miles,Junior Colleges and Community Colleges: Division 2,MT,"White Rock, British Columbia",
Andrew  Baum,P,R,R,,Williston State,Junior Colleges and Community Colleges: Division 2,ND,"Saskatoon, SK Canada  /  -",
Tysen  Appel,P,R,R,,Williston State,Junior Colleges and Community Colleges: Division 2,ND,"Saskatoon, SK Canada  /  -",
Logan  Warkentin,OF/P,R,R,,Williston State,Junior Colleges and Community Colleges: Division 2,ND,"Winnipeg, MB Canada  /  -",
Bryce  Franklin,1B,R,R,,Williston State,Junior Colleges and Community Colleges: Division 2,ND,"Victoria, BC Canada  /  -",
Justen  Teshe,P,R,R,,Williston State,Junior Colleges and Community Colleges: Division 2,ND,"Saskatoon, SK Canada  /  -",
Kobe  Fredland,P,R,R,,Williston State,Junior Colleges and Community Colleges: Division 2,ND,"Okotoks, AB Canada  /  -",
Tanner  Boyle,UTL,R,R,,Williston State,Junior Colleges and Community Colleges: Division 2,ND,"Winnipeg, MB Canada  /  -",
Derek  Palmiere,P,R,R,,Williston State,Junior Colleges and Community Colleges: Division 2,ND,"Okotoks, AB Canada  /  -",
Ben  Hul,OF,R,R,,Williston State,Junior Colleges and Community Colleges: Division 2,ND,"Calgary, AB Canada  /  -",
Trent King,,,,,Allegany Maryland,Junior Colleges and Community Colleges: Division 2,MD,"Surrey Province, BC",
Mitchell  Haywood,C,L,R,Sophomore,CCBC Essex,Junior Colleges and Community Colleges: Division 2,MD,"Pickering, Ontario, Canada  /  St. Mary Catholic Secondary",
Ayden Makarus,C,,,Freshman,LSU Eunice,Junior Colleges and Community Colleges: Division 2,LA,"Okotoks, Alberta, Canada / Foothills Composite HS",
Jackson Fraser,RHP,,,Freshman,LSU Eunice,Junior Colleges and Community Colleges: Division 2,LA,"Buena Vista, Saskatchewan, Canada / Foothills Composite HS",
Nicholas Fazzari,C,,,Freshman,Parkland,Junior Colleges and Community Colleges: Division 2,IL,"Thunder Bay, Ontario, Canada / St. Ignatius HS",
Sam  Jewiss,IF/UTL,,,Sophomore,Corning,Junior Colleges and Community Colleges: Division 3,NY,"Toronto, Ontario, CA  /  Father John Redmond",
Matthew Tobin,3B/OF,,,Sophomore,Herkimer,Junior Colleges and Community Colleges: Division 3,NY,West Canada Valley High School,
Bailey  Dempsey,2B/SS,,,Sophomore,Jefferson (NY),Junior Colleges and Community Colleges: Division 3,NY,"Halifax, Nova Scotia  /  JL Ilsely",
Kevin Campbell,P,,,Freshman,Onondaga,Junior Colleges and Community Colleges: Division 3,NY,"Uxbridge, Ontario Canada / Uxbridge Academy",
Blake MacMillan,P,,,Freshman,Onondaga,Junior Colleges and Community Colleges: Division 3,NY,Mississauga. Ontario Canada / St. Aloysis Gonzaga,
Trent Verch,1B,,,Freshman,Onondaga,Junior Colleges and Community Colleges: Division 3,NY,"Ottawa, Ontario Canada / Longfields Davidson",
Stephane Lagasse,OF,R,R,Sophomore,Itasca,Junior Colleges and Community Colleges: Division 3,MN,"Winnipeg, Canada",
Mason MacLeod,P,S,R,Sophomore,Itasca,Junior Colleges and Community Colleges: Division 3,MN,"Winnipeg, Canada",
Tylar Patrick,RHP/3B,,,Freshman,Northampton,Junior Colleges and Community Colleges: Division 3,PA,"Barrie, Ontario / Barrie North Collegiate",
Aaron Pugh,RHP,R,R,Senior,University of Jamestown,NAIA,ND,"Boissevain, MB",
Adam Letson,,,,Freshman,Lakeland,Junior Colleges and Community Colleges: Division 2,OH,"Waterloo, Ont.",
Adam Tulloch,LHP,L,L,Junior,West Virginia University,NCAA: Division 1,WV,"Toronto, Ont.",
Ben Hubert,RHP,R,R,Freshman,Kellogg,Junior Colleges and Community Colleges: Division 2,MI,"Komoka, Canada",
Tyler Small,SS,L,R,Sophomore,Northeastern Oklahoma A&M,Junior Colleges and Community Colleges: Division 1,OK,"Mississaugo, Ontartio Canada /",
Mathieu Vallee,CF,L,R,Freshman,Northeastern Oklahoma A&M,Junior Colleges and Community Colleges: Division 1,OK,"Saint-Joseph-du-Lac, Quebec, Canada /",
Emile Boies,SS,L,R,Freshman,Northeastern Oklahoma A&M,Junior Colleges and Community Colleges: Division 1,OK,"Quebec, Canada /",
Edouard Savoie,C/MIF,R,R,Sophomore,Northeastern Oklahoma A&M,Junior Colleges and Community Colleges: Division 1,OK,"Saint Eustache, Quebec,Canada / Saint-Gabriel HS",
Jacob Ervin,OF,R,R,Sophomore,Northeastern Oklahoma A&M,Junior Colleges and Community Colleges: Division 1,OK,"Mississauga, Ontario, Canada /",
