Name,Position,School,Division,Games Played (G),At Bats (AB),Runs Scored (R),Hits (H),Doubles (2B),Triples (3B),Home Runs (HR),Runs Batted In (RBI),Stolen Bases (SB),Batting Average (AVG),On-Base Percentage (OBP),Slugging Percentage (SLG),On-Base plus Slugging (OPS),Appearances (G),Innings Pitched (IP),Wins (W),Earned Run Average (ERA),Saves (SV),Strikeouts (K)
Levi Abbott,RHP,Canisius College,NCAA: Division 1,0,0,0,0,0,0,0,0,0,,,,,4,13.1,1,2.02,0,11
Cohen Achen,RHP,Lindsey Wilson College,NAIA,0,0,0,0,0,0,0,0,0,,,,,12,55.1,5,2.6,0,49
Maxime Adam,OF,Indian Hills,JUCO: Division 1,0,0,0,0,0,0,0,0,0,0.0,0.0,0.0,0.0,0,0.0,0,0.0,0,0
Ben Adams,LHP,St. John's University,NCAA: Division 1,0,0,0,0,0,0,0,0,0,,,,,6,6.2,0,16.2,0,4
Brock Alexander,1B,Dakota,JUCO: Division 2,0,0,0,0,0,0,0,0,0,0.0,0.0,0.0,0.0,0,0.0,0,0.0,0,0
Abraham Alvarez,C,San Jacinto-North,JUCO: Division 1,7,8,0,2,0,0,0,0,0,0.25,0.25,0.25,0.5,0,0.0,0,0.0,0,0
Tysen Appel,RHP,Williston State,JUCO: Division 2,13,0,0,0,0,0,0,0,0,0.0,0.0,0.0,0.0,13,13.0,1,4.15,0,5
Shuta Araki,INF,Colorado Northwestern,JUCO: Division 1,45,132,31,29,3,0,0,8,15,0.22,0.372,0.242,0.614,0,0.0,0,0.0,0,0
Carter Arbuthnot,IF,Erie,JUCO: Division 3,33,101,33,37,7,0,5,34,2,0.366,0.444,0.584,1.028,0,0.0,0,0.0,0,0
Aidan Armitage,RHP,University of Saint Francis,NAIA,0,0,0,0,0,0,0,0,0,,,,,9,8.1,0,18.36,0,4
Darius Armorer,OF/RHP,Bossier Parish,JUCO: Division 1,11,9,1,1,1,0,0,1,0,0.111,0.2,0.222,0.422,0,0.0,0,0.0,0,0
Jamal Armstrong,OF,St. Clair County,JUCO: Division 2,26,66,20,16,3,1,1,17,7,0.242,0.398,0.364,0.762,0,0.0,0,0.0,0,0
Bryce Arnold,INF,Campbell University,NCAA: Division 1,31,109,34,38,8,2,2,25,5,0.349,0.474,0.514,0.988,0,,0,,0,0
Jared Arnold,RHP,Colby,JUCO: Division 1,15,0,0,0,0,0,0,0,0,0.0,0.0,0.0,0.0,15,28.0,2,9.32,0,39
Udhay Bal,3B/1B,Dodge City,JUCO: Division 1,12,23,8,4,1,0,1,4,0,0.174,0.367,0.348,0.715,0,0.0,0,0.0,0,0
Ethan Baptie,OF,Dodge City,JUCO: Division 1,36,112,36,31,8,2,5,19,1,0.277,0.382,0.518,0.9,0,0.0,0,0.0,0,0
Franco Barbieri,OF,North Iowa Area,JUCO: Division 2,33,74,24,18,3,2,2,11,14,0.243,0.349,0.419,0.768,0,0.0,0,0.0,0,0
David Barron,"LHP,1B",South Suburban,JUCO: Division 1,18,34,7,11,2,0,0,8,0,0.324,0.343,0.382,0.725,7,8.2,0,10.38,0,12
Lukas Barry,RHP,Connors State,JUCO: Division 1,7,0,0,0,0,0,0,0,0,0.0,0.0,0.0,0.0,7,13.1,2,7.42,0,15
Liam Bates,RHP,Cloud County,JUCO: Division 1,4,0,0,0,0,0,0,0,0,0.0,0.0,0.0,0.0,4,8.2,0,5.19,0,11
Andrew Baum,RHP,Williston State,JUCO: Division 2,5,0,0,0,0,0,0,0,0,0.0,0.0,0.0,0.0,5,15.0,0,4.8,0,14
Kyle Baumgardt,RHP,Columbia Basin,NW Athletic Conference,7,0,0,0,0,0,0,0,0,0.0,0.0,0.0,0.0,7,8.2,0,4.15,0,5
Kayden Beauregard,C,Cloud County,JUCO: Division 1,27,103,27,36,5,2,5,33,0,0.35,0.412,0.583,0.995,0,0.0,0,0.0,0,0
Jason Begin,OF,Southwestern Oklahoma State University,NCAA: Division 2,19,53,13,12,4,0,2,6,2,0.226,0.293,0.415,0.708,0,,0,,0,0
Andrew Bench,RHP,Niagara County,JUCO: Division 3,0,0,0,0,0,0,0,0,0,0.0,0.0,0.0,0.0,0,0.0,0,0.0,0,0
Bryn Biemiller,RHP,Lourdes University,NAIA,0,0,0,0,0,0,0,0,0,,,,,3,8.2,1,8.31,0,5
Benjamin Bierd,IF,Bay College,JUCO: Division 2,10,10,1,0,0,0,0,0,0,0.0,0.333,0.0,0.333,3,3.1,0,16.2,0,0
Brody Black,OF,Dawson,JUCO: Division 2,23,59,11,18,3,1,4,18,0,0.305,0.44,0.593,1.033,0,0.0,0,0.0,0,0
Logan Blumhagen,LHP,William Woods University,NAIA,0,0,0,0,0,0,0,0,0,,,,,6,5.2,0,19.06,0,4
Emile Boies,SS,Northeastern Oklahoma A&M,JUCO: Division 1,22,66,18,22,5,1,3,8,1,0.333,0.397,0.576,0.973,1,1.1,0,0.0,0,3
Mathew Bomersback,RHP,Dawson,JUCO: Division 2,12,0,0,0,0,0,0,0,0,0.0,0.0,0.0,0.0,12,18.2,0,7.23,0,16
Pier-Olivier Boucher,OF,Indian Hills,JUCO: Division 1,40,130,40,42,8,2,5,33,17,0.323,0.464,0.531,0.995,0,0.0,0,0.0,0,0
Justin Bradt,LHP,Cleveland State,JUCO: Division 1,0,0,0,0,0,0,0,0,0,0.0,0.0,0.0,0.0,0,0.0,0,0.0,0,0
Cal Brazier,INF,Niagara County,JUCO: Division 3,33,97,28,35,5,2,2,24,0,0.361,0.492,0.515,1.007,0,0.0,0,0.0,0,0
Justin Breen,IF,Bossier Parish,JUCO: Division 1,11,22,1,4,1,0,1,4,0,0.182,0.25,0.364,0.614,0,0.0,0,0.0,0,0
Teddy Brimblecombe,RHP,Albion College,NCAA: Division 3,0,0,0,0,0,0,0,0,0,,,,,4,6.1,0,2.84,0,1
Chance Brown,RHP,Central Alabama,JUCO: Division 1,3,0,0,0,0,0,0,0,0,0.0,0.0,0.0,0.0,3,1.1,0,6.75,0,0
Jaden Brown,IF,Iowa Western,JUCO: Division 1,32,75,28,20,4,1,2,15,2,0.267,0.385,0.427,0.812,0,0.0,0,0.0,0,0
Noah Bryerton,LHP,Centralia,NW Athletic Conference,4,0,0,0,0,0,0,0,0,0.0,0.0,0.0,0.0,4,12.1,2,5.11,0,12
Jake Bucovetsky,OF/1B,Highland (KS),JUCO: Division 1,32,88,12,24,3,0,3,17,10,0.273,0.414,0.409,0.823,0,0.0,0,0.0,0,0
"Homer Bush, Jr.",OF,Grand Canyon University,NCAA: Division 1,4,3,0,0,0,0,0,0,0,0.0,0.0,0.0,0.0,0,,0,,0,0
Jean-Luc Bussieres,C,Barton,JUCO: Division 1,4,3,1,0,0,0,0,0,0,0.0,0.25,0.0,0.25,0,0.0,0,0.0,0,0
Jamie Cabral,OF,Sussex County,JUCO: Division 2,15,46,13,13,3,1,2,13,3,0.283,0.393,0.522,0.915,0,0.0,0,0.0,0,0
Williams Camacho-Soto,3B/OF,Cloud County,JUCO: Division 1,44,147,37,50,14,1,4,44,1,0.34,0.428,0.531,0.959,0,0.0,0,0.0,0,0
Liam Carey,RHP,Muskingum University,NCAA: Division 3,0,0,0,0,0,0,0,0,0,,,,,1,1.1,0,6.75,0,1
Justin Carinci,INF/OF,Highland (KS),JUCO: Division 1,32,111,34,42,5,0,2,21,19,0.378,0.443,0.477,0.92,0,0.0,0,0.0,0,0
Noah Case,3B,Murray State,JUCO: Division 2,24,55,6,17,3,0,2,16,2,0.309,0.385,0.473,0.858,0,0.0,0,0.0,0,0
Connor Caskenette,C/OF,Cochise,JUCO: Division 1,44,141,42,54,10,3,5,29,6,0.383,0.491,0.603,1.094,0,0.0,0,0.0,0,0
Ronnel Castro,INF,Frontier,JUCO: Division 1,8,8,4,2,0,0,0,2,1,0.25,0.571,0.25,0.821,0,0.0,0,0.0,0,0
Eric Chartier,INF,University of Charleston,NCAA: Division 2,11,22,3,7,0,0,0,1,2,0.318,0.5,0.318,0.818,0,,0,,0,0
Felix Chenier-Rondeau,OF,Cowley,JUCO: Division 1,38,104,47,45,6,5,8,46,17,0.433,0.556,0.817,1.373,0,0.0,0,0.0,0,0
Dionysius Chialtas,C/1B,Northeastern Oklahoma A&M,JUCO: Division 1,34,95,23,32,4,1,5,30,3,0.337,0.471,0.558,1.029,0,0.0,0,0.0,0,0
Josh Cleggett,C,Arizona Western,JUCO: Division 1,3,1,0,0,0,0,0,0,0,0.0,0.5,0.0,0.5,0,0.0,0,0.0,0,0
Tanner Clyne,,Dakota,JUCO: Division 2,0,0,0,0,0,0,0,0,0,0.0,0.0,0.0,0.0,0,0.0,0,0.0,0,0
Bailey Coish,OF,Frank Phillips,JUCO: Division 1,16,31,10,8,1,0,2,6,1,0.258,0.415,0.484,0.899,0,0.0,0,0.0,0,0
David Coleman,OF,High Point University,NCAA: Division 1,4,4,1,0,0,0,0,0,0,0.0,0.0,0.0,0.0,0,,0,,0,0
Khalid Collymore,OF,University of Montevallo,NCAA: Division 2,31,91,22,22,2,0,0,4,6,0.242,0.4,0.264,0.664,0,,0,,0,0
Connor Cory,P,Mayville State University,NAIA,0,0,0,0,0,0,0,0,0,,,,,5,6.2,0,12.15,0,9
Cole Cote,C,Erie,JUCO: Division 3,24,60,16,21,6,2,1,13,0,0.35,0.426,0.567,0.993,0,0.0,0,0.0,0,0
Jayden Cull,UTL,Lyon College,NAIA,2,0,0,0,0,0,0,0,0,0.0,1.0,0.0,1.0,0,,0,,0,0
Caelan Cunningham,OF,Lourdes University,NAIA,4,0,0,1,0,0,0,0,0,0.111,0.111,0.111,0.222,0,,0,,0,0
Brayden Cust,RHP/OF,Colby,JUCO: Division 1,45,172,51,64,15,4,6,34,13,0.372,0.456,0.61,1.066,0,0.0,0,0.0,0,0
Bret Czarkowski,OF,Skagit Valley,NW Athletic Conference,0,0,0,0,0,0,0,0,0,0.0,0.0,0.0,0.0,0,0.0,0,0.0,0,0
Alan Dai,UT,Amherst College,NCAA: Division 3,11,32,6,8,1,2,0,5,1,0.25,0.385,0.406,0.791,0,,0,,0,0
Dustin Davidson,LHP,Douglas,NW Athletic Conference,0,0,0,0,0,0,0,0,0,0.0,0.0,0.0,0.0,0,0.0,0,0.0,0,0
Blake Davidson,RHP,McCook,JUCO: Division 1,11,0,0,0,0,0,0,0,0,0.0,0.0,0.0,0.0,10,17.0,0,10.06,0,11
Cedric De Grandpre,RHP,Chipola,JUCO: Division 1,18,0,0,0,0,0,0,0,0,0.0,0.0,0.0,0.0,18,37.1,2,1.69,3,48
Mitchell Dennis,RHP,University of Jamestown,NAIA,0,0,0,0,0,0,0,0,0,,,,,5,10.2,2,6.75,0,14
Russell Derbyshire,RHP,Mineral Area,JUCO: Division 1,8,0,0,0,0,0,0,0,0,0.0,0.0,0.0,0.0,8,34.2,2,8.05,0,34
Carlin Dick,OF,Canisius College,NCAA: Division 1,10,23,5,8,4,0,0,3,1,0.348,0.429,0.522,0.951,0,,0,,0,0
Kurt Dillon,RHP,Galveston,JUCO: Division 1,10,0,0,0,0,0,0,0,0,0.0,0.0,0.0,0.0,10,50.2,1,3.73,0,60
Matthew Dobberthien,RHP/OF,Colby,JUCO: Division 1,20,11,3,1,1,0,0,3,0,0.091,0.231,0.182,0.413,15,22.1,0,11.69,2,13
David Draayers,IF,Mount Mercy University,NAIA,16,0,7,6,1,0,0,5,0,0.207,0.2,0.241,0.441,0,,0,,0,0
Matt Duffy,RHP,Canisius College,NCAA: Division 1,0,0,0,0,0,0,0,0,0,,,,,2,3.2,0,14.73,0,5
Nyles Duren,INF,Ohio Valley University,NCAA: Division 2,29,97,9,19,3,0,1,9,1,0.196,0.275,0.258,0.533,0,,0,,0,0
Connor Dykstra,C,Galveston,JUCO: Division 1,37,87,20,21,3,0,0,7,3,0.241,0.407,0.276,0.683,0,0.0,0,0.0,0,0
Lucas Earle,LHP,Allan Hancock College,California CC,7,0,0,0,0,0,0,0,0,0.0,0.0,0.0,0.0,7,7.2,2,1.17,1,4
Dylan Edmands,IF,Arizona Western,JUCO: Division 1,37,101,29,34,7,2,4,28,6,0.337,0.496,0.564,1.06,0,0.0,0,0.0,0,0
Campbell Ellis,LHP,Virginia Commonwealth University,NCAA: Division 1,0,0,0,0,0,0,0,0,0,,,,,12,21.1,4,2.95,1,19
Blake Faulds,RHP,Erie,JUCO: Division 3,2,0,0,0,0,0,0,0,0,0.0,0.0,0.0,0.0,2,1.1,0,0.0,0,1
Nicholas Fazzari,C,Parkland,JUCO: Division 2,34,94,22,28,6,1,2,19,2,0.298,0.405,0.447,0.852,0,0.0,0,0.0,0,0
Anderson Fenton,LHP,Marshalltown,JUCO: Division 1,3,0,0,0,0,0,0,0,0,0.0,0.0,0.0,0.0,3,0.0,0,inf,0,0
Matt Ferris,C,Niagara County,JUCO: Division 3,19,45,8,12,2,2,1,13,0,0.267,0.377,0.467,0.844,0,0.0,0,0.0,0,0
Josh Fluet,RHP,Allen County,JUCO: Division 1,7,0,0,0,0,0,0,0,0,0.0,0.0,0.0,0.0,7,20.2,1,6.53,0,26
Travis Frank,LHP,McCook,JUCO: Division 1,0,0,0,0,0,0,0,0,0,0.0,0.0,0.0,0.0,0,0.0,0,0.0,0,0
Bryce Franklin,1B,Williston State,JUCO: Division 2,4,3,0,0,0,0,0,0,0,0.0,0.0,0.0,0.0,0,0.0,0,0.0,0,0
Jackson Fraser,RHP,LSU Eunice,JUCO: Division 2,8,0,0,0,0,0,0,0,0,0.0,0.0,0.0,0.0,8,4.2,1,9.64,0,5
Kobe Fredland,RHP,Williston State,JUCO: Division 2,0,0,0,0,0,0,0,0,0,0.0,0.0,0.0,0.0,0,0.0,0,0.0,0,0
Daniel Freeman,OF,Cornerstone University,NAIA,21,0,9,22,4,1,0,10,0,0.25,0.264,0.318,0.582,0,,0,,0,0
Lukas Frers,LHP,Galveston,JUCO: Division 1,11,0,0,0,0,0,0,0,0,0.0,0.0,0.0,0.0,11,28.2,1,4.08,0,32
Kyle Froehlich,RHP/IF,Colby,JUCO: Division 1,25,44,8,13,1,0,3,9,1,0.295,0.38,0.523,0.903,12,35.2,1,8.83,0,42
Kieran Gagnon,OF,Gannon University,NCAA: Division 2,24,76,16,27,10,2,0,11,15,0.355,0.424,0.539,0.963,0,,0,,0,0
Jacob Gajic,LHP,Highland (KS),JUCO: Division 1,8,0,0,0,0,0,0,0,0,0.0,0.0,0.0,0.0,8,31.0,2,9.29,0,28
Nolan Gallagher,INF,Medaille College,NCAA: Division 3,12,24,1,4,0,1,0,1,0,0.167,0.31,0.25,0.56,0,,0,,0,0
Zach Gardiner,INF/OF,Marshall University,NCAA: Division 1,11,17,4,2,0,0,1,3,0,0.118,0.25,0.294,0.544,0,,0,,0,0
Will Gardner,INF,Garden City,JUCO: Division 1,41,136,36,44,11,1,4,29,3,0.324,0.442,0.507,0.949,0,0.0,0,0.0,0,0
Mac Gatzke,LHP/OF,Douglas,NW Athletic Conference,0,0,0,0,0,0,0,0,0,0.0,0.0,0.0,0.0,0,0.0,0,0.0,0,0
Nick George,UT,William Penn University,NAIA,13,0,0,3,0,1,0,3,0,0.2,0.278,0.333,0.611,0,,0,,0,0
Mason Glowacki,IF,East Central University,NCAA: Division 2,2,0,0,0,0,0,0,0,0,,,,,0,,0,,0,0
Logan Grant,IF/C,Bismarck State,JUCO: Division 2,28,87,33,39,8,3,6,42,4,0.448,0.529,0.816,1.345,0,0.0,0,0.0,0,0
Max Grant,C/3B,Canisius College,NCAA: Division 1,12,34,12,12,1,1,0,6,1,0.353,0.476,0.441,0.917,0,,0,,0,0
Ben Grant,IF,Chandler-Gilbert,JUCO: Division 2,0,0,0,0,0,0,0,0,0,0.0,0.0,0.0,0.0,0,0.0,0,0.0,0,0
Cody Greenfield,C,Lake Erie College,NCAA: Division 2,9,20,2,1,1,0,0,2,0,0.05,0.208,0.1,0.308,0,,0,,0,0
Joseph Guzzo,LHP,Genesee,JUCO: Division 3,8,0,0,0,0,0,0,0,0,0.0,0.0,0.0,0.0,8,28.2,3,9.42,0,38
Braden Halladay,RHP,Penn State University,NCAA: Division 1,0,0,0,0,0,0,0,0,0,,,,,3,1.1,0,0.0,0,1
Thomas Hanik,RHP,Olympic,NW Athletic Conference,2,0,0,0,0,0,0,0,0,0.0,0.0,0.0,0.0,2,1.2,0,32.4,0,1
Connor Hanley-Hodge,LHP,Newberry College,NCAA: Division 2,0,0,0,0,0,0,0,0,0,,,,,7,5.0,0,14.4,0,3
Josh Hare,INF,Lourdes University,NAIA,20,0,10,12,2,0,1,9,0,0.222,0.4,0.315,0.715,0,,0,,0,0
Andrew Haynes,RHP,Shippensburg University,NCAA: Division 2,0,0,0,0,0,0,0,0,0,,,,,4,3.0,0,6.0,0,3
Andrew Hazell,RHP,Mars Hill University,NCAA: Division 2,0,0,0,0,0,0,0,0,0,,,,,10,38.1,4,5.17,0,29
Tyler Hinrikus,3B/OF,Ball State University,NCAA: Division 1,16,17,3,2,0,0,0,2,0,0.118,0.286,0.118,0.404,0,,0,,0,0
Tanner Hodgson,OF,Mars Hill University,NCAA: Division 2,3,6,0,1,0,0,0,4,0,0.167,0.286,0.167,0.453,0,,0,,0,0
Drew Howard,RHP,Chipola,JUCO: Division 1,15,0,0,0,0,0,0,0,0,0.0,0.0,0.0,0.0,15,24.0,1,5.25,1,30
Dylan Howard,C,Frank Phillips,JUCO: Division 1,6,10,2,0,0,0,0,0,0,0.0,0.167,0.0,0.167,0,0.0,0,0.0,0,0
Brady Howg,RHP,Northeastern,JUCO: Division 1,0,0,0,0,0,0,0,0,0,0.0,0.0,0.0,0.0,0,0.0,0,0.0,0,0
Ben Hubert,RHP,Kellogg,JUCO: Division 2,12,0,0,0,0,0,0,0,0,0.0,0.0,0.0,0.0,11,13.1,0,2.02,0,10
Ben Hul,OF,Williston State,JUCO: Division 2,0,0,0,0,0,0,0,0,0,0.0,0.0,0.0,0.0,0,0.0,0,0.0,0,0
Noah Hull,IF/OF,Iowa Western,JUCO: Division 1,30,76,17,26,4,1,2,21,2,0.342,0.4,0.5,0.9,0,0.0,0,0.0,0,0
Justin Humenay,RHP,Virginia Commonwealth University,NCAA: Division 1,0,0,0,0,0,0,0,0,0,,,,,6,5.2,0,11.12,0,7
Dawson Hurford,RHP,Western Nebraska,JUCO: Division 1,4,0,0,0,0,0,0,0,0,0.0,0.0,0.0,0.0,4,7.1,1,8.59,0,5
Will Ireland,IF,Orange Coast College,California CC,3,9,1,5,0,0,0,1,2,0.556,0.556,0.556,1.112,0,0.0,0,0.0,0,0
Josh Ironside,RHP,Marshalltown,JUCO: Division 1,7,0,0,0,0,0,0,0,0,0.0,0.0,0.0,0.0,7,24.0,0,9.0,0,9
Connor Irvine,RHP,Lassen College,California CC,3,0,0,0,0,0,0,0,0,0.0,0.0,0.0,0.0,3,12.0,1,5.25,0,14
Will Jackman,RHP,Niagara County,JUCO: Division 3,4,0,0,0,0,0,0,0,0,0.0,0.0,0.0,0.0,4,9.2,2,0.93,0,4
Jacob Jackson,INF,Siena Heights University,NAIA,21,0,2,12,1,1,0,8,0,0.273,0.312,0.341,0.653,0,,0,,0,0
Spencer Jamieson,1B,Cleary University,NAIA,2,0,0,1,0,0,0,0,0,1.0,1.0,1.0,2.0,0,,0,,0,0
Andrew Jawdek,RHP,Cleary University,NAIA,0,0,0,0,0,0,0,0,0,,,,,9,11.2,0,8.49,0,7
AJ Karosas,IF,Erie,JUCO: Division 3,31,79,19,29,6,2,2,22,2,0.367,0.485,0.57,1.055,0,0.0,0,0.0,0,0
Logan Keating,OF,Three Rivers,JUCO: Division 1,2,2,2,1,1,0,0,0,0,0.5,0.667,1.0,1.667,0,0.0,0,0.0,0,0
Kendell Keller,OF,Barton,JUCO: Division 1,6,11,1,1,0,0,0,0,0,0.091,0.167,0.091,0.258,0,0.0,0,0.0,0,0
Reece Keller,RHP,McCook,JUCO: Division 1,0,0,0,0,0,0,0,0,0,0.0,0.0,0.0,0.0,0,0.0,0,0.0,0,0
Azhar Khan,P,Bryant & Stratton College (WI),JUCO: Division 2,7,0,0,0,0,0,0,0,0,0.0,0.0,0.0,0.0,7,8.2,1,11.42,0,7
Rei Kimura,IF,Western Nebraska,JUCO: Division 1,8,15,2,2,0,0,0,2,0,0.133,0.188,0.133,0.321,0,0.0,0,0.0,0,0
Stephen Kinal,RHP,Palm Beach State,JUCO: Division 1,0,0,0,0,0,0,0,0,0,0.0,0.0,0.0,0.0,0,0.0,0,0.0,0,0
Colbey Klepper,RHP,Lamar,JUCO: Division 1,3,0,0,0,0,0,0,0,0,0.0,0.0,0.0,0.0,3,7.0,1,12.86,0,9
Brady Kobitowich,RHP,Cloud County,JUCO: Division 1,8,0,0,0,0,0,0,0,0,0.0,0.0,0.0,0.0,8,11.1,2,3.97,0,10
Justin L'Archeveque,INF,Indian Hills,JUCO: Division 1,9,25,5,4,1,0,0,4,0,0.16,0.276,0.2,0.476,0,0.0,0,0.0,0,0
Noah LaLonde,OF,Niagara County,JUCO: Division 3,5,9,2,1,0,0,0,1,1,0.111,0.111,0.111,0.222,0,0.0,0,0.0,0,0
Mathieu Laroche,C/OF,Douglas,NW Athletic Conference,0,0,0,0,0,0,0,0,0,0.0,0.0,0.0,0.0,0,0.0,0,0.0,0,0
Olivier Laroque,RHP,Cowley,JUCO: Division 1,5,0,0,0,0,0,0,0,0,0.0,0.0,0.0,0.0,5,6.0,1,9.0,0,7
Tyler Lawrence,RHP,Marshalltown,JUCO: Division 1,11,0,0,0,0,0,0,0,0,0.0,0.0,0.0,0.0,11,13.1,0,13.5,0,9
Tom Leathem,RHP,Marshalltown,JUCO: Division 1,8,0,0,0,0,0,0,0,0,0.0,0.0,0.0,0.0,8,28.1,2,9.85,0,13
Charles Lefebvre,RHP,Indian Hills,JUCO: Division 1,8,0,0,0,0,0,0,0,0,0.0,0.0,0.0,0.0,8,24.0,1,4.5,0,15
Ryan Leitch,C,Marshall University,NCAA: Division 1,24,87,13,21,0,0,7,20,4,0.241,0.323,0.483,0.806,0,,0,,0,0
Jarod Leroux,RHP,Cloud County,JUCO: Division 1,8,0,0,0,0,0,0,0,0,0.0,0.0,0.0,0.0,8,13.2,1,5.27,0,22
Adam Letson,RHP,Lakeland,JUCO: Division 2,5,0,0,0,0,0,0,0,0,0.0,0.0,0.0,0.0,5,10.1,0,1.74,1,14
Jordan Lewis,OF,Union College,NAIA,30,0,13,19,4,0,1,5,0,0.311,0.408,0.426,0.834,0,,0,,0,0
Jeff Liddell,RHP,Connors State,JUCO: Division 1,0,0,0,0,0,0,0,0,0,0.0,0.0,0.0,0.0,0,0.0,0,0.0,0,0
Rob Lindsay,RHP/OF,Rend Lake,JUCO: Division 1,5,2,0,0,0,0,0,0,2,0.0,0.333,0.0,0.333,1,1.0,1,54.0,0,1
Thomas Little,LHP,Northern Oklahoma Enid,JUCO: Division 2,4,0,0,0,0,0,0,0,0,0.0,0.0,0.0,0.0,4,4.2,0,19.29,0,4
Cruz Lopez,C,Genesee,JUCO: Division 3,4,4,1,1,0,0,0,0,0,0.25,0.4,0.25,0.65,0,0.0,0,0.0,0,0
Eric Luchies,LHP/1B,Lower Columbia,NW Athletic Conference,14,43,8,17,4,1,1,12,1,0.395,0.48,0.605,1.085,0,0.0,0,0.0,0,0
Jaryd Lund,LHP,Salem University,NCAA: Division 2,0,0,0,0,0,0,0,0,0,,,,,6,25.2,1,4.91,0,17
Jordan Lussier,RHP,Illinois State University,NCAA: Division 1,0,0,0,0,0,0,0,0,0,,,,,11,54.0,6,4.0,0,56
Nolan MacDonald,RHP,Douglas,NW Athletic Conference,0,0,0,0,0,0,0,0,0,0.0,0.0,0.0,0.0,0,0.0,0,0.0,0,0
Mike MacDougall,RHP,University of Indianapolis,NCAA: Division 2,0,0,0,0,0,0,0,0,0,,,,,3,3.0,0,3.0,0,3
Owen MacNeil,P,University of Charleston,NCAA: Division 2,0,0,0,0,0,0,0,0,0,,,,,4,4.1,0,0.0,0,5
Logan MacNiel,RHP,Douglas,NW Athletic Conference,0,0,0,0,0,0,0,0,0,0.0,0.0,0.0,0.0,0,0.0,0,0.0,0,0
Madjik Mackenzie,1B/RHP,Douglas,NW Athletic Conference,0,0,0,0,0,0,0,0,0,0.0,0.0,0.0,0.0,0,0.0,0,0.0,0,0
Ayden Makarus,C,LSU Eunice,JUCO: Division 2,36,105,35,32,9,0,11,44,3,0.305,0.402,0.705,1.107,0,0.0,0,0.0,0,0
Ryan Marples,RHP,Lindsey Wilson College,NAIA,0,0,0,0,0,0,0,0,0,,,,,8,8.0,0,19.13,0,4
Zach Marriott,IF,Hendrix College,NCAA: Division 3,23,74,19,22,4,0,2,12,4,0.297,0.419,0.432,0.851,0,,0,,0,0
Aaron Marsh,INF,Cochise,JUCO: Division 1,44,126,34,42,5,4,0,32,9,0.333,0.482,0.437,0.919,0,0.0,0,0.0,0,0
Eric Martin,OF/RHP,Olney Central,JUCO: Division 1,17,55,23,20,5,1,4,18,2,0.364,0.527,0.709,1.236,0,0.0,0,0.0,0,0
EJ Martinez,C,Genesee,JUCO: Division 3,4,9,4,3,1,0,0,2,0,0.333,0.4,0.444,0.844,0,0.0,0,0.0,0,0
Mathieu Massicotte,RHP,Sussex County,JUCO: Division 2,7,0,0,0,0,0,0,0,0,0.0,0.0,0.0,0.0,7,26.1,2,4.1,0,29
Maddux Mateychuk,RHP,Mineral Area,JUCO: Division 1,5,0,0,0,0,0,0,0,0,0.0,0.0,0.0,0.0,5,3.1,1,10.8,0,2
CJ Maury,2B/SS,Wayne State University,NCAA: Division 2,18,38,8,11,4,0,0,5,2,0.289,0.317,0.395,0.712,0,,0,,0,0
Olivier Mayrand,C,Nova Southeastern University,NCAA: Division 2,12,38,5,7,0,0,0,5,1,0.184,0.244,0.184,0.428,0,,0,,0,0
David McCabe,INF,"University of North Carolina, Charlotte",NCAA: Division 1,28,97,21,31,8,0,10,26,1,0.32,0.396,0.711,1.107,0,,0,,0,0
Spencer McDonell,OF,John Carroll University,NCAA: Division 3,1,1,0,0,0,0,0,0,0,0.0,0.0,0.0,0.0,0,,0,,0,0
Micah McDowell,OF,Oregon State University,NCAA: Division 1,23,67,12,12,2,0,0,1,3,0.179,0.312,0.209,0.521,0,,0,,0,0
Matt McEachern,OF,Lourdes University,NAIA,10,0,4,7,0,0,0,4,0,0.304,0.36,0.304,0.664,0,,0,,0,0
Dustin McElwain,OF,William Jessup University,NAIA,21,0,6,12,5,0,1,9,0,0.293,0.383,0.488,0.871,0,,0,,0,0
Noel McGarry-Doyle,OF,Southeastern,JUCO: Division 2,33,84,29,27,8,0,3,23,5,0.321,0.472,0.524,0.996,0,0.0,0,0.0,0,0
Joel McGrath,RHP,Colby,JUCO: Division 1,6,0,0,0,0,0,0,0,0,0.0,0.0,0.0,0.0,6,9.0,1,20.0,0,12
Tyson McInnes,RHP,Edmonds,NW Athletic Conference,1,0,0,0,0,0,0,0,0,0.0,0.0,0.0,0.0,1,2.0,0,13.5,0,2
Riley McKinnon,RHP,Marshalltown,JUCO: Division 1,17,0,0,0,0,0,0,0,0,0.0,0.0,0.0,0.0,17,23.1,2,12.34,0,23
Duncan McLaughlin,RHP,Southeastern,JUCO: Division 2,8,0,0,0,0,0,0,0,0,0.0,0.0,0.0,0.0,8,38.2,3,6.28,0,39
Josh Mendoza,OF,Marshalltown,JUCO: Division 1,4,8,1,1,0,1,0,0,1,0.125,0.222,0.375,0.597,0,0.0,0,0.0,0,0
Stefan Mielzynski,1B/DH,Otero,JUCO: Division 1,9,23,3,3,0,0,0,1,0,0.13,0.31,0.13,0.44,0,0.0,0,0.0,0,0
Theo Millas,RHP,Louisiana State University,NCAA: Division 1,0,0,0,0,0,0,0,0,0,,,,,9,12.0,1,3.0,0,6
Michael Millross,UTL,Elmira College,NCAA: Division 3,20,31,5,6,2,0,0,4,3,0.194,0.341,0.258,0.599,0,,0,,0,0
Samuel Mitcham,C,Highland (KS),JUCO: Division 1,0,0,0,0,0,0,0,0,0,0.0,0.0,0.0,0.0,0,0.0,0,0.0,0,0
Jack Moir,C,Itasca,JUCO: Division 3,16,29,11,7,1,0,1,9,0,0.241,0.353,0.379,0.732,0,0.0,0,0.0,0,0
Gabriel Monterrey,INF,Roane State,JUCO: Division 1,32,98,14,25,3,0,2,8,3,0.255,0.318,0.347,0.665,0,0.0,0,0.0,0,0
Bennett Moore,RHP,Johnson County,JUCO: Division 1,0,0,0,0,0,0,0,0,0,0.0,0.0,0.0,0.0,0,0.0,0,0.0,0,0
Tyler Mosher,INF,Davenport University,NCAA: Division 2,7,10,0,2,0,0,0,1,0,0.2,0.333,0.2,0.533,0,,0,,0,0
Adlai Muench,OF,Salem University,NCAA: Division 2,9,14,1,1,0,0,0,2,0,0.071,0.235,0.071,0.306,0,,0,,0,0
Justin Murray,C/INF,Salem University,NCAA: Division 2,8,22,5,4,1,0,0,5,1,0.182,0.25,0.227,0.477,0,,0,,0,0
Tory Nelson,IF,Bismarck State,JUCO: Division 2,11,13,6,7,4,0,0,4,0,0.538,0.571,0.846,1.417,0,0.0,0,0.0,0,0
Blake Nelson,INF/OF,Douglas,NW Athletic Conference,0,0,0,0,0,0,0,0,0,0.0,0.0,0.0,0.0,0,0.0,0,0.0,0,0
Brandon Nicoll,INF,Galveston,JUCO: Division 1,42,138,27,45,12,2,9,33,4,0.326,0.399,0.638,1.037,0,0.0,0,0.0,0,0
Connor O'Halloran,LHP,University of Michigan,NCAA: Division 1,0,0,0,0,0,0,0,0,0,,,,,6,6.2,0,12.15,0,8
Matthew O'Reilly,OF,Douglas,NW Athletic Conference,0,0,0,0,0,0,0,0,0,0.0,0.0,0.0,0.0,0,0.0,0,0.0,0,0
Evan O'Toole,RHP/OF,Iowa Western,JUCO: Division 1,10,0,0,0,0,0,0,0,0,0.0,0.0,0.0,0.0,10,49.2,9,1.45,0,46
Craig Oliver,INF,Niagara County,JUCO: Division 3,2,6,0,0,0,0,0,0,0,0.0,0.0,0.0,0.0,0,0.0,0,0.0,0,0
Darius Opdambak,RHP/3B,Douglas,NW Athletic Conference,0,0,0,0,0,0,0,0,0,0.0,0.0,0.0,0.0,0,0.0,0,0.0,0,0
Tristan Osika,SS,Indiana Tech,NAIA,16,0,0,2,0,0,0,3,0,0.125,0.222,0.125,0.347,0,,0,,0,0
Jackson Painter,RHP,Erie,JUCO: Division 3,3,0,0,0,0,0,0,0,0,0.0,0.0,0.0,0.0,3,3.1,0,27.0,0,3
Myles Pallister,RHP,Niagara University,NCAA: Division 1,0,0,0,0,0,0,0,0,0,,,,,6,3.0,0,18.0,0,4
Derek Palmiere,RHP,Williston State,JUCO: Division 2,10,0,0,0,0,0,0,0,0,0.0,0.0,0.0,0.0,10,33.1,3,10.26,0,33
Sukhbir Parmar,RHP,Salem University,NCAA: Division 2,0,0,0,0,0,0,0,0,0,,,,,3,4.2,0,15.43,0,4
Jaden Parsons,INF,Cloud County,JUCO: Division 1,42,162,40,57,15,2,1,29,16,0.352,0.433,0.488,0.921,0,0.0,0,0.0,0,0
Tylar Patrick,RHP/3B,Northampton,JUCO: Division 3,7,1,0,0,0,0,0,0,1,0.0,0.5,0.0,0.5,5,5.1,1,10.13,0,8
Ethan Paulos,OF,Dawson,JUCO: Division 2,32,87,34,25,2,1,0,12,12,0.287,0.483,0.333,0.816,0,0.0,0,0.0,0,0
Angus Pegg,OF,Douglas,NW Athletic Conference,0,0,0,0,0,0,0,0,0,0.0,0.0,0.0,0.0,0,0.0,0,0.0,0,0
Hugo Pepin,RHP/1B,Pratt,JUCO: Division 1,5,12,2,1,0,0,0,2,0,0.083,0.214,0.083,0.297,1,1.0,0,0.0,0,0
Arlen Peters,RHP/IF,Johnson County,JUCO: Division 1,3,0,0,0,0,0,0,0,0,0.0,0.0,0.0,0.0,3,3.1,0,21.6,0,5
Sean Pettener,IF,Rend Lake,JUCO: Division 1,23,68,24,28,3,2,3,20,6,0.412,0.494,0.647,1.141,0,0.0,0,0.0,0,0
Eric Pettipiece,LHP,Goshen College,NAIA,0,0,0,0,0,0,0,0,0,,,,,13,20.1,1,13.72,0,10
Kyle Pfeifer,RHP/OF,Douglas,NW Athletic Conference,0,0,0,0,0,0,0,0,0,0.0,0.0,0.0,0.0,0,0.0,0,0.0,0,0
Chad Picton,IF,Colby,JUCO: Division 1,21,71,16,19,2,0,5,14,1,0.268,0.373,0.507,0.88,0,0.0,0,0.0,0,0
Blake Pongracz,LHP/OF,Pratt,JUCO: Division 1,0,0,0,0,0,0,0,0,0,0.0,0.0,0.0,0.0,0,0.0,0,0.0,0,0
Will Potter,LHP,Western Nebraska,JUCO: Division 1,7,0,0,0,0,0,0,0,0,0.0,0.0,0.0,0.0,7,19.0,0,8.05,0,15
Chris Pouliot,LHP,University of Pittsburgh,NCAA: Division 1,0,0,0,0,0,0,0,0,0,,,,,7,8.1,2,11.88,0,2
Tyson Pringle,LHP,Dakota,JUCO: Division 2,0,0,0,0,0,0,0,0,0,0.0,0.0,0.0,0.0,0,0.0,0,0.0,0,0
Gavin Pringle,RHP,Hawaii Pacific University,NCAA: Division 2,0,0,0,0,0,0,0,0,0,,,,,6,15.2,3,3.45,0,13
Otis Pritchett,RHP,Douglas,NW Athletic Conference,0,0,0,0,0,0,0,0,0,0.0,0.0,0.0,0.0,0,0.0,0,0.0,0,0
Brady Renneberg,RHP/INF,Mineral Area,JUCO: Division 1,17,12,7,5,1,0,0,5,3,0.417,0.563,0.5,1.063,7,11.2,1,8.49,0,16
Adam Renneberg,RHP/C,Mineral Area,JUCO: Division 1,27,63,19,16,2,0,0,9,3,0.254,0.484,0.286,0.77,0,0.0,0,0.0,0,0
Kai Reum,RHP/INF,Iowa Central,JUCO: Division 2,16,1,0,0,0,0,0,0,0,0.0,0.0,0.0,0.0,16,41.0,2,5.27,2,47
Flynn Ridley,RHP,Panola,JUCO: Division 1,14,0,0,0,0,0,0,0,0,0.0,0.0,0.0,0.0,14,27.1,3,4.61,0,28
Greg Ross,RHP,Howard (TX),JUCO: Division 1,4,0,0,0,0,0,0,0,0,0.0,0.0,0.0,0.0,4,2.1,0,50.14,0,2
Nico Saldias,RHP,Connors State,JUCO: Division 1,3,0,0,0,0,0,0,0,0,0.0,0.0,0.0,0.0,3,2.0,0,22.5,0,2
Ricardo Sanchez,INF/RHP,Crowder,JUCO: Division 1,4,5,3,1,0,0,0,2,0,0.2,0.5,0.2,0.7,0,0.0,0,0.0,0,0
Ethan Sansaie-Edwards,OF/RHP,St. Clair County,JUCO: Division 2,3,10,3,1,0,0,0,0,3,0.1,0.25,0.1,0.35,0,0.0,0,0.0,0,0
Nicolas Santarelli,C/3B/OF,Douglas,NW Athletic Conference,0,0,0,0,0,0,0,0,0,0.0,0.0,0.0,0.0,0,0.0,0,0.0,0,0
Sean Sasaki,LHP/OF,Douglas,NW Athletic Conference,0,0,0,0,0,0,0,0,0,0.0,0.0,0.0,0.0,0,0.0,0,0.0,0,0
Zach Saufl,RHP,Vanguard University,NAIA,0,0,0,0,0,0,0,0,0,,,,,7,10.1,1,1.74,0,7
Eli Saul,RHP,Sacramento State University,NCAA: Division 1,0,0,0,0,0,0,0,0,0,,,,,12,29.2,1,12.13,0,25
Anthony Scali,INF,Siena Heights University,NAIA,10,0,4,2,0,0,0,3,0,0.143,0.4,0.143,0.543,0,,0,,0,0
Colton Schaper-Kotter,UTL,East Central University,NCAA: Division 2,35,114,14,27,3,0,3,18,1,0.237,0.383,0.342,0.725,0,,0,,0,0
Carter Scott,RHP,Dakota,JUCO: Division 2,0,0,0,0,0,0,0,0,0,0.0,0.0,0.0,0.0,0,0.0,0,0.0,0,0
Kale Seitz,1B,Bellevue,NW Athletic Conference,10,28,7,6,1,0,0,2,1,0.214,0.333,0.25,0.583,0,0.0,0,0.0,0,0
Bauer Sewell,IF,University of Jamestown,NAIA,8,0,2,1,0,0,0,0,0,0.5,0.5,0.5,1.0,0,,0,,0,0
Conall Sexton,LHP,San Diego Christian College,NAIA,0,0,0,0,0,0,0,0,0,,,,,7,10.1,1,9.58,0,11
Mike Short,INF,Niagara County,JUCO: Division 3,0,0,0,0,0,0,0,0,0,0.0,0.0,0.0,0.0,0,0.0,0,0.0,0,0
Josh Siemens,RHP/IF,Whitworth University,NCAA: Division 3,3,0,0,0,0,0,0,0,0,,,,,0,,0,,0,0
Josh Siemens,RHP/IF,Whitworth University,NCAA: Division 3,0,0,0,0,0,0,0,0,0,,,,,3,2.2,0,20.25,0,0
Anthony Silvera Jr.,1B,Northeast,JUCO: Division 2,15,33,6,8,4,0,2,5,0,0.242,0.297,0.545,0.842,0,0.0,0,0.0,0,0
Cleary Simpson,IF,Colby,JUCO: Division 1,37,109,35,37,5,0,2,19,3,0.339,0.489,0.44,0.929,0,0.0,0,0.0,0,0
Matt Simpson,C,Northland College,NCAA: Division 3,13,36,4,11,3,0,0,5,2,0.306,0.342,0.389,0.731,0,,0,,0,0
Joseph Sinclair,LHP,Cochise,JUCO: Division 1,13,0,0,0,0,0,0,0,0,0.0,0.0,0.0,0.0,10,28.2,2,8.48,0,36
Ben Sitarenios,OF,Salem University,NCAA: Division 2,11,0,0,0,0,0,0,0,0,,,,,0,,0,,0,0
Ben Sitarenios,OF,Salem University,NCAA: Division 2,0,0,0,0,0,0,0,0,0,,,,,10,10.2,0,12.66,0,6
Jesse Skelton,RHP,Dakota,JUCO: Division 2,0,0,0,0,0,0,0,0,0,0.0,0.0,0.0,0.0,0,0.0,0,0.0,0,0
Nathan Slobodian,RHP,Minot State University,NCAA: Division 2,0,0,0,0,0,0,0,0,0,,,,,1,1.0,0,9.0,0,0
Joben Smith,C,Dakota,JUCO: Division 2,0,0,0,0,0,0,0,0,0,0.0,0.0,0.0,0.0,0,0.0,0,0.0,0,0
Corbin Smith,OF/RHP,Douglas,NW Athletic Conference,0,0,0,0,0,0,0,0,0,0.0,0.0,0.0,0.0,0,0.0,0,0.0,0,0
Dimitri Stamatopoulos,RHP,Dodge City,JUCO: Division 1,10,0,0,0,0,0,0,0,0,0.0,0.0,0.0,0.0,10,13.1,1,6.75,0,19
Grayden Stauffer,RHP,"University of Tennessee, Martin",NCAA: Division 1,0,0,0,0,0,0,0,0,0,,,,,4,3.2,0,12.27,0,4
Jackson Stephen,OF/RHP,Marshalltown,JUCO: Division 1,42,103,13,27,1,0,3,12,1,0.262,0.353,0.359,0.712,9,47.2,1,7.74,0,34
Benjamin Sterritt,OF,Lakeland,JUCO: Division 2,21,63,20,26,6,1,1,15,0,0.413,0.507,0.587,1.094,0,0.0,0,0.0,0,0
Adamo Stornello,C,Crowder,JUCO: Division 1,18,39,18,10,1,0,1,7,0,0.256,0.453,0.359,0.812,0,0.0,0,0.0,0,0
Daniel Suarez,2B/SS,Douglas,NW Athletic Conference,0,0,0,0,0,0,0,0,0,0.0,0.0,0.0,0.0,0,0.0,0,0.0,0,0
Matthew Suarez,C/3B,Douglas,NW Athletic Conference,0,0,0,0,0,0,0,0,0,0.0,0.0,0.0,0.0,0,0.0,0,0.0,0,0
Joel Suraganan,IF,Marshalltown,JUCO: Division 1,46,158,18,42,7,0,2,18,0,0.266,0.32,0.348,0.668,0,0.0,0,0.0,0,0
Noah Takacs,RHP,Sacramento State University,NCAA: Division 1,0,0,0,0,0,0,0,0,0,,,,,9,18.2,0,4.82,0,17
Patrick Tangen,RHP,Lake Region State,JUCO: Division 2,7,0,0,0,0,0,0,0,0,0.0,0.0,0.0,0.0,7,27.1,2,7.9,0,30
Chris Tani,OF,Niagara County,JUCO: Division 3,22,65,27,24,6,2,0,21,12,0.369,0.481,0.523,1.004,0,0.0,0,0.0,0,0
Ryan Telenko,INF,Indian Hills,JUCO: Division 1,4,6,1,2,2,0,0,4,0,0.333,0.333,0.667,1.0,0,0.0,0,0.0,0,0
Justen Teshe,RHP,Williston State,JUCO: Division 2,6,0,0,0,0,0,0,0,0,0.0,0.0,0.0,0.0,5,3.0,0,9.0,0,3
Nicholas Thibodeau,C,Howard (TX),JUCO: Division 1,10,30,15,15,2,0,2,8,0,0.5,0.625,0.767,1.392,0,0.0,0,0.0,0,0
Nick Tremblay,OF,Crowder,JUCO: Division 1,2,1,0,0,0,0,0,0,0,0.0,0.5,0.0,0.5,0,0.0,0,0.0,0,0
Matt Trulson,C,Dakota,JUCO: Division 2,0,0,0,0,0,0,0,0,0,0.0,0.0,0.0,0.0,0,0.0,0,0.0,0,0
Cole Tucker,IF,Erie,JUCO: Division 3,2,2,2,1,0,0,0,0,0,0.5,0.667,0.5,1.167,0,0.0,0,0.0,0,0
Chase Tucker,C,Salem University,NCAA: Division 2,6,10,2,1,0,0,0,1,0,0.1,0.4,0.1,0.5,0,,0,,0,0
Kellan Tulio,LHP,University of Louisville,NCAA: Division 1,0,0,0,0,0,0,0,0,0,,,,,4,2.1,0,15.43,0,1
Stefan Turino,OF,Three Rivers,JUCO: Division 1,39,133,37,41,7,1,3,14,14,0.308,0.41,0.444,0.854,0,0.0,0,0.0,0,0
Cesar Valero Sanchez,IF,Oregon State University,NCAA: Division 1,5,9,1,1,0,0,1,3,0,0.111,0.111,0.444,0.555,0,,0,,0,0
Mathieu Vallee,CF,Northeastern Oklahoma A&M,JUCO: Division 1,34,118,43,54,16,0,3,31,33,0.458,0.562,0.669,1.231,0,0.0,0,0.0,0,0
Alfonso Villalobos,IF,Chipola,JUCO: Division 1,43,136,24,37,6,0,5,32,5,0.272,0.336,0.426,0.762,0,0.0,0,0.0,0,0
Alex Vince,LHP,Mineral Area,JUCO: Division 1,0,0,0,0,0,0,0,0,0,0.0,0.0,0.0,0.0,0,0.0,0,0.0,0,0
John Vulcano,IF,Colby,JUCO: Division 1,35,128,37,51,7,3,11,36,3,0.398,0.477,0.758,1.235,0,0.0,0,0.0,0,0
Parker Wakelyn,RHP,Clarendon,JUCO: Division 1,14,0,0,0,0,0,0,0,0,0.0,0.0,0.0,0.0,14,34.0,4,7.41,0,35
Josh Walker,OF,Sacramento State University,NCAA: Division 1,5,7,0,1,0,0,0,0,0,0.143,0.25,0.143,0.393,0,,0,,0,0
Dawson Walters,1B,Eastern Oklahoma State,JUCO: Division 1,8,13,4,4,1,1,0,4,0,0.308,0.4,0.538,0.938,0,0.0,0,0.0,0,0
Jonathan Walz,2B/RHP,Douglas,NW Athletic Conference,0,0,0,0,0,0,0,0,0,0.0,0.0,0.0,0.0,0,0.0,0,0.0,0,0
Matt Ward,C,Niagara University,NCAA: Division 1,6,6,1,1,0,0,0,2,0,0.167,0.375,0.167,0.542,0,,0,,0,0
Logan Warkentin,OF/RHP,Williston State,JUCO: Division 2,0,0,0,0,0,0,0,0,0,0.0,0.0,0.0,0.0,0,0.0,0,0.0,0,0
Michael Watson,RHP,St. Lawrence University,NCAA: Division 3,0,0,0,0,0,0,0,0,0,,,,,7,10.1,0,6.97,0,6
Cassidy Watt,C,Lassen College,California CC,4,5,2,2,1,0,0,1,0,0.4,0.333,0.6,0.933,0,0.0,0,0.0,0,0
Hayden Wesseling,RHP,Monroe CC,JUCO: Division 2,9,0,0,0,0,0,0,0,0,0.0,0.0,0.0,0.0,9,28.0,3,8.68,1,28
Ty Wevers,C,Cloud County,JUCO: Division 1,16,35,9,9,2,0,0,1,1,0.257,0.381,0.314,0.695,0,0.0,0,0.0,0,0
Evan Wilde,LHP/1B,Cloud County,JUCO: Division 1,15,4,1,1,0,0,0,0,0,0.25,0.4,0.25,0.65,12,53.1,4,5.06,0,66
Rayce Wilkinson,SS/2B,Douglas,NW Athletic Conference,0,0,0,0,0,0,0,0,0,0.0,0.0,0.0,0.0,0,0.0,0,0.0,0,0
John Wilson,2B/SS,Douglas,NW Athletic Conference,0,0,0,0,0,0,0,0,0,0.0,0.0,0.0,0.0,0,0.0,0,0.0,0,0
Tyler Wilson,IF,Erie,JUCO: Division 3,15,27,3,10,1,0,0,4,0,0.37,0.452,0.407,0.859,0,0.0,0,0.0,0,0
Colin Windle,RHP,Hilbert College,NCAA: Division 3,0,0,0,0,0,0,0,0,0,,,,,5,6.1,0,7.11,0,5
Mason Wright,C,Erie,JUCO: Division 3,20,42,3,11,2,0,0,7,1,0.262,0.295,0.31,0.605,0,0.0,0,0.0,0,0
AJ Yamaguchi,RHP/1B,Colby,JUCO: Division 1,2,0,0,0,0,0,0,0,0,0.0,0.0,0.0,0.0,2,2.0,0,9.0,0,5
Kodai Yaoita,OF,College of San Mateo,California CC,7,29,7,7,0,3,0,5,1,0.241,0.333,0.448,0.781,0,0.0,0,0.0,0,0
Ben Abram,RHP,University of Oklahoma,NCAA: Division 1,0,0,0,0,0,0,0,0,0,,,,,9,22.2,1,5.16,0,26
Kayontae Alarcon,IF,Oakland City University,NAIA,2,0,0,0,0,0,0,0,0,0.0,0.0,0.0,0.0,0,,0,,0,0
Jordan Babcock,INF,Judson University,NAIA,34,0,18,21,4,0,4,19,0,0.194,0.323,0.343,0.666,0,,0,,0,0
Braden Babcock,LHP,Southern Illinois University at Carbondale,NCAA: Division 1,0,0,0,0,0,0,0,0,0,,,,,5,9.1,1,6.75,0,5
Kimani Bailey,RHP,Grambling State University,NCAA: Division 1,0,0,0,0,0,0,0,0,0,,,,,15,27.2,1,8.78,1,28
Ethan Balogh,1B/OF,Graceland University,NAIA,36,0,20,26,5,1,0,14,0,0.26,0.362,0.33,0.692,0,,0,,0,0
Brett Bantle,OF,Dickinson State University,NAIA,18,0,4,7,1,0,0,3,0,0.28,0.419,0.32,0.739,0,,0,,0,0
Carson Barker,1B,Genesee,JUCO: Division 3,25,79,15,26,4,1,6,23,1,0.329,0.376,0.633,1.009,0,0.0,0,0.0,0,0
PJ Bellemare,C,Benedictine University,NCAA: Division 3,0,0,0,0,0,0,0,0,0,,,,,0,,0,,0,0
Brandon Billesberger,OF,Limestone University,NCAA: Division 2,6,3,2,1,0,1,0,0,0,0.333,0.5,1.0,1.5,0,,0,,0,0
Tyler Black,INF,Wright State University,NCAA: Division 1,32,123,43,46,8,1,8,37,6,0.374,0.494,0.65,1.144,0,,0,,0,0
Kyle Bloor,RHP,Colby,JUCO: Division 1,10,0,0,0,0,0,0,0,0,0.0,0.0,0.0,0.0,10,36.0,1,9.25,0,39
Kyle Blunt,RHP,Erie,JUCO: Division 3,7,0,0,0,0,0,0,0,0,0.0,0.0,0.0,0.0,7,7.0,0,15.43,1,7
Cody Bond,RHP,Three Rivers,JUCO: Division 1,4,0,0,0,0,0,0,0,0,0.0,0.0,0.0,0.0,4,4.2,0,11.57,0,2
Jacob Bonzon,IF,Roanoke College,NCAA: Division 3,12,16,5,1,0,0,0,1,2,0.062,0.167,0.062,0.229,0,,0,,0,0
Tanner Boyle,UTL,Williston State,JUCO: Division 2,22,55,11,18,1,0,1,12,2,0.327,0.383,0.4,0.783,0,0.0,0,0.0,0,0
Jacob Brault,RHP,Pratt,JUCO: Division 1,6,0,0,0,0,0,0,0,0,0.0,0.0,0.0,0.0,6,10.0,0,8.1,1,8
Mike Brisson,INF,Niagara University,NCAA: Division 1,20,39,5,9,4,0,2,7,5,0.231,0.286,0.487,0.773,0,,0,,0,0
Graham Brunner,LHP,Barton,JUCO: Division 1,11,0,0,0,0,0,0,0,0,0.0,0.0,0.0,0.0,11,49.2,6,3.99,0,50
Zach Cameron,RHP/3B,Niagara University,NCAA: Division 1,11,1,0,0,0,0,0,0,0,0.0,0.0,0.0,0.0,0,,0,,0,0
Zach Cameron,RHP/3B,Niagara University,NCAA: Division 1,0,0,0,0,0,0,0,0,0,,,,,10,26.0,2,3.12,3,24
Shayne Campbell,C,Southeastern,JUCO: Division 2,29,70,19,18,4,0,1,11,2,0.257,0.376,0.357,0.733,0,0.0,0,0.0,0,0
Ryan Capuano,RHP,Marshall University,NCAA: Division 1,0,0,0,0,0,0,0,0,0,,,,,9,13.2,1,9.22,0,9
Kaiden Cardoso,1B/3B,Minot State University,NCAA: Division 2,32,97,34,28,5,1,6,23,9,0.289,0.44,0.546,0.986,0,,0,,0,0
Daniel Carinci,INF,Kansas State University,NCAA: Division 1,34,101,14,27,4,1,3,17,4,0.267,0.37,0.416,0.786,0,,0,,0,0
Connor Carr-Mathews,LHP,Cayuga,JUCO: Division 3,7,0,0,0,0,0,0,0,0,0.0,0.0,0.0,0.0,6,12.2,0,5.68,0,12
Jake Carroll,C,Pratt,JUCO: Division 1,32,106,24,31,8,1,6,23,9,0.292,0.35,0.557,0.907,0,0.0,0,0.0,0,0
Kyler Charchun,OF,Southwest Baptist University,NCAA: Division 2,11,19,6,2,1,0,0,2,0,0.105,0.433,0.158,0.591,0,,0,,0,0
Evan Chenier,RHP,Virginia Commonwealth University,NCAA: Division 1,0,0,0,0,0,0,0,0,0,,,,,14,33.0,3,3.0,5,33
Fynn Chester,RHP,Salt Lake,JUCO: Division 1,10,0,0,0,0,0,0,0,0,0.0,0.0,0.0,0.0,10,54.2,7,3.95,0,57
Michael Clapperton,INF,"University of Texas, Permian Basin",NCAA: Division 2,35,130,38,33,5,1,0,11,12,0.254,0.373,0.308,0.681,0,,0,,0,0
Brandon Clarke,RHP,Indiana University Kokomo,NAIA,10,0,0,0,0,0,0,0,0,0.0,,0.0,,0,,0,,0,0
Joel Connors,C/RHP,Lakeland,JUCO: Division 2,20,63,22,19,2,0,6,26,0,0.302,0.436,0.619,1.055,1,4.0,0,4.5,0,6
Christian Coombes,LHP,Saint Peter's University,NCAA: Division 1,0,0,0,0,0,0,0,0,0,,,,,5,5.1,0,16.88,0,7
Antonio Cruz,OF,Rice University,NCAA: Division 1,17,47,7,12,2,1,1,8,0,0.255,0.352,0.404,0.756,0,,0,,0,0
Brandon Deans,RHP,Oakland University,NCAA: Division 1,0,0,0,0,0,0,0,0,0,,,,,10,37.2,3,6.69,0,41
Tate Dearing,RHP/1B,Douglas,NW Athletic Conference,0,0,0,0,0,0,0,0,0,0.0,0.0,0.0,0.0,0,0.0,0,0.0,0,0
Cameron Deasy,RHP,Minot State University,NCAA: Division 2,0,0,0,0,0,0,0,0,0,,,,,1,0.2,0,13.5,0,1
Bailey Dempsey,2B/SS,Jefferson (NY),JUCO: Division 3,15,27,1,1,0,0,0,0,1,0.037,0.133,0.037,0.17,0,0.0,0,0.0,0,0
Hunter Dent,C,Mount Vernon Nazarene University,NAIA,8,0,1,3,1,0,0,3,0,0.15,0.32,0.2,0.52,0,,0,,0,0
Owen Diodati,OF,University of Alabama,NCAA: Division 1,43,151,27,38,2,1,10,36,1,0.252,0.349,0.477,0.826,0,,0,,0,0
Ryan Dos Santos,UTL,Southwestern Oklahoma State University,NCAA: Division 2,33,118,22,39,9,1,1,20,5,0.331,0.428,0.449,0.877,0,,0,,0,0
Thomas Drouin,OF,Baruch College,NCAA: Division 3,0,0,0,0,0,0,0,0,0,,,,,0,,0,,0,0
Sebastien Dubois,IF,St. Norbert College,NCAA: Division 3,21,65,13,17,5,0,1,15,0,0.262,0.39,0.385,0.775,0,,0,,0,0
Cameron Dunn,RHP,Douglas,NW Athletic Conference,0,0,0,0,0,0,0,0,0,0.0,0.0,0.0,0.0,0,0.0,0,0.0,0,0
Declan Dutton,RHP,Yavapai,JUCO: Division 1,11,0,0,0,0,0,0,0,0,0.0,0.0,0.0,0.0,11,37.0,1,2.92,0,34
Jared Eifler,RHP,Douglas,NW Athletic Conference,0,0,0,0,0,0,0,0,0,0.0,0.0,0.0,0.0,0,0.0,0,0.0,0,0
Ty Enns,INF,Marian University,NCAA: Division 3,3,4,0,0,0,0,0,0,0,0.0,0.2,0.0,0.2,0,,0,,0,0
Jacob Ervin,OF,Northeastern Oklahoma A&M,JUCO: Division 1,36,130,33,39,8,1,8,27,5,0.3,0.363,0.562,0.925,0,0.0,0,0.0,0,0
Dirk Eymundson,C,University of Jamestown,NAIA,37,0,3,13,3,0,2,8,0,0.171,0.315,0.289,0.604,0,,0,,0,0
Matt Fabian,IF,Ithaca College,NCAA: Division 3,22,62,14,12,1,1,0,6,5,0.194,0.398,0.242,0.64,0,,0,,0,0
Samuel Fortier,OF,Indian Hills,JUCO: Division 1,41,131,39,41,6,3,1,37,14,0.313,0.436,0.427,0.863,0,0.0,0,0.0,0,0
Ethan Francis,RHP,Northwestern State University,NCAA: Division 1,0,0,0,0,0,0,0,0,0,,,,,5,5.0,0,7.2,0,5
Zach Gagnon,RHP,Tarleton State University,NCAA: Division 1,0,0,0,0,0,0,0,0,0,,,,,14,26.1,0,8.2,0,14
Nolan Gallo,OF,Niagara County,JUCO: Division 3,11,19,5,4,0,0,0,4,2,0.211,0.4,0.211,0.611,0,0.0,0,0.0,0,0
Noah Geekie,OF/LHP,Emporia State University,NCAA: Division 2,37,126,24,33,5,1,3,19,6,0.262,0.301,0.389,0.69,0,,0,,0,0
Noah Geekie,OF/LHP,Emporia State University,NCAA: Division 2,0,0,0,0,0,0,0,0,0,,,,,1,,0,,0,0
Louis Gendron,C/UTL,The College of Saint Rose,NCAA: Division 2,4,6,0,2,0,0,0,2,0,0.333,0.333,0.333,0.666,0,,0,,0,0
Daniel Gernon,OF,Lower Columbia,NW Athletic Conference,8,27,12,12,0,0,3,8,3,0.444,0.531,0.778,1.309,0,0.0,0,0.0,0,0
Zach Gervais,OF,Douglas,NW Athletic Conference,0,0,0,0,0,0,0,0,0,0.0,0.0,0.0,0.0,0,0.0,0,0.0,0,0
Harley Gollert,LHP,Austin Peay State University,NCAA: Division 1,0,0,0,0,0,0,0,0,0,,,,,11,52.2,3,4.44,1,56
Nick Graham,RHP,Clarendon,JUCO: Division 1,13,0,0,0,0,0,0,0,0,0.0,0.0,0.0,0.0,13,19.2,1,7.32,1,36
Brett Graham,C/INF,Salem University,NCAA: Division 2,3,6,2,3,2,0,0,3,0,0.5,0.7,0.833,1.533,0,,0,,0,0
Connor Green,RHP,Minot State University,NCAA: Division 2,0,0,0,0,0,0,0,0,0,,,,,2,3.0,0,0.0,0,7
Jaden Griffin,LHP,Virginia Commonwealth University,NCAA: Division 1,0,0,0,0,0,0,0,0,0,,,,,10,19.0,2,3.32,1,17
Tevin Hall,LHP,Utah Valley University,NCAA: Division 1,0,0,0,0,0,0,0,0,0,,,,,10,18.2,0,6.27,0,15
Ethan Hammond,OF,Trinidad State,JUCO: Division 1,38,101,38,35,8,1,4,18,0,0.347,0.515,0.564,1.079,0,0.0,0,0.0,0,0
Evan Harrison,RHP,Gannon University,NCAA: Division 2,0,0,0,0,0,0,0,0,0,,,,,7,10.2,1,3.38,0,10
Griffin Hassall,RHP,Kansas State University,NCAA: Division 1,0,0,0,0,0,0,0,0,0,,,,,6,8.1,0,7.56,0,5
Mitchell Haywood,C,CCBC Essex,JUCO: Division 2,29,80,18,27,10,0,0,19,2,0.338,0.465,0.463,0.928,0,0.0,0,0.0,0,0
Reece Helland,RHP,Monterey Peninsula College,California CC,3,0,0,0,0,0,0,0,0,0.0,0.0,0.0,0.0,3,3.2,0,0.0,1,1
Carson Heroux,LHP,Lake Region State,JUCO: Division 2,7,0,0,0,0,0,0,0,0,0.0,0.0,0.0,0.0,7,23.0,2,10.17,0,26
Connor Hicks,C,Mineral Area,JUCO: Division 1,37,125,52,55,12,0,16,52,7,0.44,0.537,0.92,1.457,0,0.0,0,0.0,0,0
Adam Hill,RHP,Jefferson (MO),JUCO: Division 1,8,0,0,0,0,0,0,0,0,0.0,0.0,0.0,0.0,8,27.2,2,7.81,0,19
Jackson Hogg,OF,Marian University,NAIA,39,0,23,39,10,0,2,27,0,0.283,0.355,0.399,0.754,0,,0,,0,0
Nathan Holmes,RHP,University of Texas at Tyler,NCAA: Division 2,0,0,0,0,0,0,0,0,0,,,,,17,27.2,2,3.25,1,23
Tim Holyk,IF,Miles,JUCO: Division 2,43,120,43,42,11,0,8,40,2,0.35,0.469,0.642,1.111,0,0.0,0,0.0,0,0
Steven Hospital,RHP,Niagara University,NCAA: Division 1,0,0,0,0,0,0,0,0,0,,,,,12,15.0,2,4.2,1,16
Adam Inouye,SS,Academy of Art University,NCAA: Division 2,24,81,14,27,4,0,0,9,3,0.333,0.389,0.383,0.772,0,,0,,0,0
Hunter James,IF,University of Northwestern Ohio,NAIA,13,0,10,14,2,3,0,8,0,0.467,0.6,0.733,1.333,0,,0,,0,0
Tylor Jans,RHP,University of Louisiana at Monroe,NCAA: Division 1,0,0,0,0,0,0,0,0,0,,,,,6,11.1,1,6.35,0,14
Antoine Jean,LHP,University of Alabama,NCAA: Division 1,0,0,0,0,0,0,0,0,0,,,,,7,26.1,2,3.76,0,24
Jayden Jeminson,OF,Tompkins Cortland,JUCO: Division 3,16,51,6,12,1,1,0,5,2,0.235,0.278,0.294,0.572,0,0.0,0,0.0,0,0
Sam Jewiss,IF/UTL,Corning,JUCO: Division 3,15,32,3,2,0,0,0,2,0,0.063,0.167,0.063,0.23,0,0.0,0,0.0,0,0
Kian Johnston,1B/OF,Eastern New Mexico University,NCAA: Division 2,17,54,7,10,1,0,1,4,0,0.185,0.274,0.259,0.533,0,,0,,0,0
Ben Jones,IF,Mineral Area,JUCO: Division 1,38,133,50,57,7,2,4,35,22,0.429,0.535,0.602,1.137,0,0.0,0,0.0,0,0
Joseph Karall,RHP,Southeast Missouri State University,NCAA: Division 1,0,0,0,0,0,0,0,0,0,,,,,4,1.2,0,48.6,0,1
Jason Kauffeldt,OF,Houghton College,NCAA: Division 3,29,103,26,25,5,1,1,24,15,0.243,0.341,0.34,0.681,0,,0,,0,0
Trent King,LHP,Allegany Maryland,JUCO: Division 2,14,0,0,0,0,0,0,0,0,0.0,0.0,0.0,0.0,14,23.0,2,13.3,1,21
Deric LaMontagne,INF,Lamar University,NCAA: Division 1,23,78,12,27,4,0,3,11,1,0.346,0.4,0.513,0.913,0,,0,,0,0
Nathan Landry,LHP,Mineral Area,JUCO: Division 1,10,0,0,0,0,0,0,0,0,0.0,0.0,0.0,0.0,10,44.2,4,5.84,0,73
Josh Laukkanen,RHP,New Mexico State University,NCAA: Division 1,0,0,0,0,0,0,0,0,0,,,,,12,31.2,1,8.53,0,30
Marshall Leishman,LHP,Lake Michigan,JUCO: Division 2,10,0,1,0,0,0,0,0,0,0.0,0.0,0.0,0.0,9,34.0,3,3.71,0,42
Kyle Lev,RHP,Siena College,NCAA: Division 1,0,0,0,0,0,0,0,0,0,,,,,1,1.0,0,18.0,0,2
Gavin Logan,C,Oregon State University,NCAA: Division 1,9,21,4,7,2,0,1,4,0,0.333,0.391,0.571,0.962,0,,0,,0,0
Max Lojko,RHP,Lourdes University,NAIA,0,0,0,0,0,0,0,0,0,,,,,13,13.2,0,5.27,0,6
Noah London,OF,University of Northwestern Ohio,NAIA,33,0,15,4,0,0,0,4,0,0.182,0.424,0.182,0.606,0,,0,,0,0
Clayton Loranger,OF,Stephen F. Austin State University,NCAA: Division 1,33,78,10,19,2,2,1,7,3,0.244,0.322,0.359,0.681,0,,0,,0,0
Chris Louie,OF,Dawson,JUCO: Division 2,6,9,2,2,0,0,0,1,2,0.222,0.364,0.222,0.586,0,0.0,0,0.0,0,0
Marshal Luiz,C,Jackson State University,NCAA: Division 1,20,62,16,14,1,0,1,19,0,0.226,0.425,0.29,0.715,0,,0,,0,0
Caleb Lumbard,C,Texas Wesleyan University,NAIA,5,0,0,1,0,0,0,2,0,0.111,0.273,0.111,0.384,0,,0,,0,0
Jaret Lupton,INF,Lake Region State,JUCO: Division 2,28,74,22,27,2,0,0,17,2,0.365,0.49,0.392,0.882,0,0.0,0,0.0,0,0
Reece Lysack,C,Bismarck State,JUCO: Division 2,0,0,0,0,0,0,0,0,0,0.0,0.0,0.0,0.0,0,0.0,0,0.0,0,0
Mason MacLeod,RHP,Itasca,JUCO: Division 3,8,0,0,0,0,0,0,0,0,0.0,0.0,0.0,0.0,8,44.0,4,2.45,0,47
Evan Magill,C,Monroe CC,JUCO: Division 2,34,107,42,42,13,3,9,53,1,0.393,0.508,0.822,1.33,0,0.0,0,0.0,0,0
Jacob Mahoney,C,Lake Michigan,JUCO: Division 2,8,13,2,3,1,0,0,2,0,0.231,0.286,0.308,0.594,0,0.0,0,0.0,0,0
Keith Manby,RHP/INF,Miles,JUCO: Division 2,15,7,2,1,0,0,0,2,0,0.143,0.5,0.143,0.643,10,33.2,0,7.75,0,47
Keaton Mandryk,RHP,Southwest Baptist University,NCAA: Division 2,0,0,0,0,0,0,0,0,0,,,,,2,1.0,0,18.0,0,2
Anthony Marcano,INF,Campbellsville University,NAIA,26,0,6,10,2,0,0,3,0,0.208,0.283,0.25,0.533,0,,0,,0,0
Leo Markotic,INF/OF,"Texas A&M University, Corpus Christi",NCAA: Division 1,39,113,11,27,5,0,0,9,5,0.239,0.348,0.283,0.631,0,,0,,0,0
Jack Marlin,OF/C,Midway University,NAIA,8,0,1,2,0,0,0,3,0,0.125,0.263,0.125,0.388,0,,0,,0,0
Daniel Martin,OF,Yavapai,JUCO: Division 1,43,116,23,30,2,0,2,17,4,0.259,0.348,0.328,0.676,0,0.0,0,0.0,0,0
Josh Martinez,RHP/OF,La Sierra University,NAIA,3,0,0,0,0,0,0,0,0,0.0,,0.0,,0,,0,,0,0
Josh Martinez,RHP/OF,La Sierra University,NAIA,0,0,0,0,0,0,0,0,0,,,,,3,6.2,0,13.5,0,3
Brogan McDougall,RHP,Douglas,NW Athletic Conference,0,0,0,0,0,0,0,0,0,0.0,0.0,0.0,0.0,0,0.0,0,0.0,0,0
Riley McErlean,C/RHP,The College of Wooster,NCAA: Division 3,5,4,2,1,1,0,0,2,0,0.25,0.4,0.5,0.9,0,,0,,0,0
Riley McErlean,C/RHP,The College of Wooster,NCAA: Division 3,0,0,0,0,0,0,0,0,0,,,,,0,,0,,0,0
Ryan McFarland,RHP,Pratt,JUCO: Division 1,3,0,0,0,0,0,0,0,0,0.0,0.0,0.0,0.0,3,2.2,0,3.38,0,2
Kayne McGee,IF,West Liberty University,NCAA: Division 2,14,24,3,4,0,0,1,2,0,0.167,0.31,0.292,0.602,0,,0,,0,0
Davis McMillan,OF,Houghton College,NCAA: Division 3,26,69,14,17,1,4,0,10,4,0.246,0.342,0.377,0.719,0,,0,,0,0
Tyler McWillie,RHP/1B,Colby,JUCO: Division 1,35,78,22,30,1,0,10,37,0,0.385,0.505,0.782,1.287,10,49.2,4,6.16,0,48
Daniel Mercandelli,RHP,Lake Region State,JUCO: Division 2,13,0,0,0,0,0,0,0,0,0.0,0.0,0.0,0.0,13,27.1,0,8.56,0,24
Alexander Mio,LHP,Southeastern,JUCO: Division 2,0,0,0,0,0,0,0,0,0,0.0,0.0,0.0,0.0,0,0.0,0,0.0,0,0
James Mitchell,C/UTIL,Douglas,NW Athletic Conference,0,0,0,0,0,0,0,0,0,0.0,0.0,0.0,0.0,0,0.0,0,0.0,0,0
Dom Morea,1B,Tabor College,NAIA,7,0,2,1,0,0,0,2,0,0.125,0.333,0.125,0.458,0,,0,,0,0
Noah Murphy-Sealy,1B,Iowa Lakes,JUCO: Division 2,31,78,9,17,2,0,1,11,1,0.218,0.337,0.282,0.619,0,0.0,0,0.0,0,0
Owen Napieralski,C,"Louisiana State University, Shreveport",NAIA,23,0,8,14,3,0,1,9,0,0.333,0.472,0.476,0.948,0,,0,,0,0
Kyle Nash,RHP,D'Youville College,NCAA: Division 2,0,0,0,0,0,0,0,0,0,,,,,8,15.0,1,10.2,1,10
Dawson Neal,C/CIF,Southeastern Illinois,JUCO: Division 1,23,50,7,10,3,1,0,7,1,0.2,0.369,0.3,0.669,0,0.0,0,0.0,0,0
Logan Newman,OF,Douglas,NW Athletic Conference,0,0,0,0,0,0,0,0,0,0.0,0.0,0.0,0.0,0,0.0,0,0.0,0,0
Garrett Nicholson,LHP,Minot State University,NCAA: Division 2,0,0,0,0,0,0,0,0,0,,,,,7,9.2,1,8.38,0,12
Robert Nickell,"C,INF",Lake Region State,JUCO: Division 2,27,89,19,23,3,1,2,12,3,0.258,0.4,0.382,0.782,0,0.0,0,0.0,0,0
Shane Nixon,IF,University of Central Oklahoma,NCAA: Division 2,17,62,14,16,3,0,4,17,3,0.258,0.352,0.5,0.852,0,,0,,0,0
Matthew Nolin,LHP,Oakland University,NCAA: Division 1,0,0,0,0,0,0,0,0,0,,,,,3,5.0,0,10.8,0,3
Ryan O'Halloran,IF,Orange Coast College,California CC,8,19,8,8,2,1,1,4,1,0.421,0.577,0.789,1.366,0,0.0,0,0.0,0,0
Zach Olson,OF,Colby,JUCO: Division 1,34,109,31,32,6,1,13,34,1,0.294,0.451,0.725,1.176,0,0.0,0,0.0,0,0
Bryce Oriold,RHP,Clarke University,NAIA,0,0,0,0,0,0,0,0,0,,,,,9,15.0,1,4.8,0,12
Damiano Palmegiani,INF,Southern Nevada,JUCO: Division 1,51,159,65,63,13,2,19,62,13,0.396,0.533,0.862,1.395,0,0.0,0,0.0,0,0
Remi Patry,UTL,Oklahoma Wesleyan University,NAIA,41,0,21,24,5,3,2,24,0,0.308,0.389,0.526,0.915,0,,0,,0,0
Jordan Peck,LHP/OF,Northwest Missouri State University,NCAA: Division 2,14,27,4,3,1,0,0,2,0,0.111,0.273,0.148,0.421,0,,0,,0,0
Noah Penney,C,Tiffin University,NCAA: Division 2,9,10,1,0,0,0,0,2,0,0.0,0.0,0.0,0.0,0,,0,,0,0
Dayton Peters,OF,Mineral Area,JUCO: Division 1,0,0,0,0,0,0,0,0,0,0.0,0.0,0.0,0.0,0,0.0,0,0.0,0,0
Tristan Peters,OF,Southern Illinois University at Carbondale,NCAA: Division 1,43,154,40,56,16,2,2,39,14,0.364,0.471,0.532,1.003,0,,0,,0,0
Victor Plaz,INF,Clarendon,JUCO: Division 1,46,138,38,43,9,2,7,46,3,0.312,0.416,0.558,0.974,0,0.0,0,0.0,0,0
Zane Pollon,LHP,Mount Marty College,NAIA,0,0,0,0,0,0,0,0,0,,,,,4,4.2,0,11.57,0,7
Max Poole,RHP,Mars Hill University,NCAA: Division 2,0,0,0,0,0,0,0,0,0,,,,,10,14.0,0,4.5,0,11
Anthony Quirion,INF,Lamar University,NCAA: Division 1,34,132,22,38,10,0,9,30,1,0.288,0.324,0.568,0.892,0,,0,,0,0
Dawson Rempel,RHP,Dakota,JUCO: Division 2,0,0,0,0,0,0,0,0,0,0.0,0.0,0.0,0.0,0,0.0,0,0.0,0,0
David Rhodes,RHP/DH,University of Washington,NCAA: Division 1,11,0,0,0,0,0,0,0,0,,,,,0,,0,,0,0
David Rhodes,RHP/DH,University of Washington,NCAA: Division 1,0,0,0,0,0,0,0,0,0,,,,,11,13.1,0,7.42,1,16
Steven Sanders,P,University of Charleston,NCAA: Division 2,0,0,0,0,0,0,0,0,0,,,,,0,,0,,0,0
Parker Savard,INF,St. Cloud State University,NCAA: Division 2,23,30,5,11,1,0,0,1,1,0.367,0.406,0.4,0.806,0,,0,,0,0
Edouard Savoie,C/MIF,Northeastern Oklahoma A&M,JUCO: Division 1,31,102,32,29,8,1,4,28,5,0.284,0.38,0.5,0.88,1,1.0,0,0.0,0,1
Nathan Scragg,MIF,Dawson,JUCO: Division 2,34,68,33,15,4,0,0,11,16,0.221,0.346,0.279,0.625,0,0.0,0,0.0,0,0
Kye Seitz,1B,Bellevue,NW Athletic Conference,4,13,0,4,2,0,0,2,0,0.308,0.357,0.462,0.819,0,0.0,0,0.0,0,0
Neftaly Severino-Cronier,RHP,University of Evansville,NCAA: Division 1,0,0,0,0,0,0,0,0,0,,,,,1,,0,,0,0
Jesse Simpson,RHP,Shorter University,NCAA: Division 2,0,0,0,0,0,0,0,0,0,,,,,14,28.1,2,6.35,0,19
Tyler Small,SS,Northeastern Oklahoma A&M,JUCO: Division 1,30,102,31,38,12,1,6,41,10,0.373,0.492,0.686,1.178,1,0.2,0,0.0,0,0
Tahj Smith,RHP,Lourdes University,NAIA,0,0,0,0,0,0,0,0,0,,,,,8,15.0,0,7.2,0,11
Marcus Strother,C,University of Toledo,NCAA: Division 1,36,107,23,23,8,1,3,16,1,0.215,0.354,0.393,0.747,0,,0,,0,0
Zachary Swanson,RHP,Park University Gilbert,NAIA,0,0,0,0,0,0,0,0,0,,,,,9,17.2,2,5.09,0,15
Matthew Taubensee,LHP,Lake-Sumter State,JUCO: Division 1,9,0,0,0,0,0,0,0,0,0.0,0.0,0.0,0.0,9,40.2,3,5.31,0,45
Colton Taylor,RHP,Frank Phillips,JUCO: Division 1,14,0,0,0,0,0,0,0,0,0.0,0.0,0.0,0.0,14,22.2,0,11.91,3,23
Quinn Tocheniuk,RHP,Pratt,JUCO: Division 1,10,0,0,0,0,0,0,0,0,0.0,0.0,0.0,0.0,10,45.1,1,8.14,0,30
Louis-Christophe Turcotte,IF,Dakota,JUCO: Division 2,0,0,0,0,0,0,0,0,0,0.0,0.0,0.0,0.0,0,0.0,0,0.0,0,0
Luke Turino,INF,Georgetown College,NAIA,48,0,39,43,12,0,7,39,0,0.265,0.372,0.469,0.841,0,,0,,0,0
Cole Van Every,RHP,Southwest Baptist University,NCAA: Division 2,0,0,0,0,0,0,0,0,0,,,,,10,36.1,1,5.94,0,40
Torrin Vaselenak,IF,"University of Arkansas, Monticello",NCAA: Division 2,2,6,0,1,0,0,0,1,0,0.167,0.25,0.167,0.417,0,,0,,0,0
Tony Vavaroutsos,OF,Shippensburg University,NCAA: Division 2,14,41,4,9,4,0,0,8,1,0.22,0.304,0.317,0.621,0,,0,,0,0
Martin Vincelli-Simard,INF,Sacramento State University,NCAA: Division 1,30,72,11,23,4,0,5,20,0,0.319,0.388,0.583,0.971,0,,0,,0,0
Stephen Wade,LHP,Eastern Oregon University,NAIA,0,0,0,0,0,0,0,0,0,,,,,1,0.0,0,,0,0
Matthew Watson,RHP,Biola University,NCAA: Division 2,0,0,0,0,0,0,0,0,0,,,,,5,7.2,0,8.22,0,4
Jonah Weisner,INF,Allen County,JUCO: Division 1,34,117,38,42,9,1,3,21,11,0.359,0.469,0.53,0.999,0,0.0,0,0.0,0,0
Reese Whelen,C,Goshen College,NAIA,13,0,0,7,0,0,0,0,0,0.259,0.286,0.259,0.545,0,,0,,0,0
Matt Wiggins,RHP,Niagara University,NCAA: Division 1,0,0,0,0,0,0,0,0,0,,,,,1,0.2,0,67.5,0,0
Hayden Wilcox,RHP,Wheeling Jesuit University,NCAA: Division 2,0,0,0,0,0,0,0,0,0,,,,,9,21.0,0,10.29,0,17
Dion Wintjes,C/INF,Marian University,NAIA,45,0,23,44,10,0,9,42,0,0.272,0.379,0.5,0.879,0,,0,,0,0
Sam Worthen,RHP,Wilson College,NCAA: Division 3,0,0,0,0,0,0,0,0,0,,,,,3,2.1,0,15.43,0,2
Taisei Yahiro,LHP,Yavapai,JUCO: Division 1,16,0,0,0,0,0,0,0,0,0.0,0.0,0.0,0.0,16,57.1,7,5.18,2,62
Brian Zapp,INF,"Miami University, Ohio",NCAA: Division 1,33,97,15,22,0,2,4,13,4,0.227,0.353,0.392,0.745,0,,0,,0,0
Tucker Zdunich,OF,Colby,JUCO: Division 1,40,120,30,29,4,1,6,18,2,0.242,0.372,0.442,0.814,0,0.0,0,0.0,0,0
Angus Adams,UTL,Elmira College,NCAA: Division 3,18,43,5,5,1,0,0,4,1,0.116,0.309,0.14,0.449,0,,0,,0,0
Ricky Alvarez,OF/RHP,Mid-America Christian University,NAIA,7,0,0,0,0,0,0,0,0,0.0,,0.0,,0,,0,,0,0
Ricky Alvarez,OF/RHP,Mid-America Christian University,NAIA,0,0,0,0,0,0,0,0,0,,,,,7,10.2,0,5.06,0,10
Conor Angel,RHP,University of Louisiana at Lafayette,NCAA: Division 1,0,0,0,0,0,0,0,0,0,,,,,7,8.1,0,6.48,0,9
Jordan Bahnuk,RHP,Southwestern Christian University,NAIA,0,0,0,0,0,0,0,0,0,,,,,17,29.1,3,4.6,7,36
Zack Banks,RHP,Lourdes University,NAIA,0,0,0,0,0,0,0,0,0,,,,,2,2.2,0,6.75,0,0
Malkolm Barrett,RHP,Wheeling Jesuit University,NCAA: Division 2,0,0,0,0,0,0,0,0,0,,,,,1,0.2,0,27.0,0,0
Zachary Bayfield,LHP,Oberlin College,NCAA: Division 3,0,0,0,0,0,0,0,0,0,,,,,5,12.2,0,12.79,0,15
Owen Benson,OF,Lake Michigan,JUCO: Division 2,22,61,20,23,4,2,1,14,6,0.377,0.512,0.557,1.069,0,0.0,0,0.0,0,0
Tanner Bercier,RHP,University of Science and Arts of Oklahoma,NAIA,0,0,0,0,0,0,0,0,0,,,,,11,15.1,0,0.59,1,32
Jared Binsfeld,OF,University of Sioux Falls,NCAA: Division 2,33,110,17,28,6,1,1,15,6,0.255,0.331,0.355,0.686,0,,0,,0,0
Michael Bonaccorso,RHP,Saint Peter's University,NCAA: Division 1,0,0,0,0,0,0,0,0,0,,,,,2,1.2,0,16.2,0,2
Ethan Boutkan,RHP,Brescia University,NAIA,0,0,0,0,0,0,0,0,0,,,,,7,12.2,0,6.39,0,8
Jacob Bouzide,INF/OF,Fort Hays State University,NCAA: Division 2,31,117,23,35,3,0,2,19,8,0.299,0.397,0.376,0.773,0,,0,,0,0
Dondrae Bremner,INF,University of Cincinnati,NCAA: Division 1,11,29,4,5,2,1,0,2,0,0.172,0.294,0.31,0.604,0,,0,,0,0
Declan Buckle,MIF,Minot State University,NCAA: Division 2,24,84,18,28,4,1,2,16,7,0.333,0.417,0.476,0.893,0,,0,,0,0
Rory Burke,RHP,Davis and Elkins College,NCAA: Division 2,0,0,0,0,0,0,0,0,0,,,,,7,7.2,0,4.7,0,9
Dustin Caplett,UTL,Lyon College,NAIA,21,0,8,11,0,1,0,7,0,0.333,0.56,0.394,0.954,0,,0,,0,0
Eric Cerantola,RHP,Mississippi State University,NCAA: Division 1,0,0,0,0,0,0,0,0,0,,,,,7,14.2,0,6.14,0,20
Sam Chaput,OF,Emporia State University,NCAA: Division 2,36,134,27,43,6,1,3,24,10,0.321,0.387,0.448,0.835,0,,0,,0,0
Denzel Clarke,OF,"California State University, Northridge",NCAA: Division 1,26,97,23,32,7,0,6,18,10,0.33,0.458,0.588,1.046,0,,0,,0,0
Matt Coutney,3B/1B,Old Dominion University,NCAA: Division 1,41,132,28,37,8,1,8,29,0,0.28,0.421,0.538,0.959,0,,0,,0,0
Rhys Cratty,IF,Southwest Baptist University,NCAA: Division 2,36,134,20,43,7,3,4,25,1,0.321,0.377,0.507,0.884,0,,0,,0,0
Hunter Cunningham,RHP,"Louisiana State University, Shreveport",NAIA,0,0,0,0,0,0,0,0,0,,,,,11,32.1,3,6.4,0,30
Jack DeCooman,LHP,"University of Arkansas, Little Rock",NCAA: Division 1,0,0,0,0,0,0,0,0,0,,,,,14,40.2,0,6.2,0,29
Payton DeLuca,IF,Mayville State University,NAIA,19,0,8,15,3,1,0,3,0,0.283,0.397,0.377,0.774,0,,0,,0,0
Matthew Deen,LHP,Castleton University,NCAA: Division 3,0,0,0,0,0,0,0,0,0,,,,,11,24.2,1,5.47,0,39
Liam Devine,LHP,St. Bonaventure University,NCAA: Division 1,0,0,0,0,0,0,0,0,0,,,,,5,24.1,2,7.4,0,18
Lucas DiLuca,INF,Eastern Illinois University,NCAA: Division 1,41,142,36,39,4,0,0,13,3,0.275,0.388,0.303,0.691,0,,0,,0,0
Danny Donnelly,OF,Tiffin University,NCAA: Division 2,34,113,31,34,8,1,1,22,12,0.301,0.444,0.416,0.86,0,,0,,0,0
Jacob Douglas,RHP,Fort Hays State University,NCAA: Division 2,0,0,0,0,0,0,0,0,0,,,,,5,5.0,0,19.8,0,1
Rilley Dube,C,West Virginia University Institute of Technology,NAIA,21,0,5,10,2,0,1,2,0,0.25,0.388,0.375,0.763,0,,0,,0,0
Kyle Espineli,INF,Notre Dame College,NCAA: Division 2,9,24,6,6,0,0,0,4,0,0.25,0.438,0.25,0.688,0,,0,,0,0
Devon Farrell,IF,Rockhurst University,NCAA: Division 2,22,58,8,17,2,0,0,4,0,0.293,0.379,0.328,0.707,0,,0,,0,0
Cristian Forgione,C/IN,St. Lawrence University,NCAA: Division 3,20,66,5,18,5,1,1,10,0,0.273,0.372,0.424,0.796,0,,0,,0,0
Colton Fountain,C,Cleary University,NAIA,29,0,5,28,4,1,0,7,0,0.301,0.441,0.366,0.807,0,,0,,0,0
Blake Gallagher,RHP/INF,Minot State University,NCAA: Division 2,5,15,5,4,1,0,1,1,1,0.267,0.45,0.533,0.983,0,,0,,0,0
Blake Gallagher,RHP/INF,Minot State University,NCAA: Division 2,0,0,0,0,0,0,0,0,0,,,,,4,2.2,0,20.25,1,4
Paul Georget,INF,Nebraska Wesleyan University,NCAA: Division 3,29,71,14,16,3,0,0,11,2,0.225,0.391,0.268,0.659,0,,0,,0,0
Andrew Giorno,RHP,Adrian College,NCAA: Division 3,0,0,0,0,0,0,0,0,0,,,,,2,4.2,0,9.64,0,3
Andres Gonzalez,IF,Mid-America Christian University,NAIA,38,0,20,29,3,0,2,16,0,0.266,0.336,0.349,0.685,0,,0,,0,0
Garrett Goodall,RHP,Embry-Riddle Aeronautical University,NCAA: Division 2,0,0,0,0,0,0,0,0,0,,,,,0,,0,,0,0
Soren Graversen,IF/OF,William Penn University,NAIA,39,0,28,36,7,2,9,41,0,0.321,0.42,0.661,1.081,0,,0,,0,0
Branden Hatley,LHP,Minot State University,NCAA: Division 2,0,0,0,0,0,0,0,0,0,,,,,7,10.2,2,4.22,0,8
Jonathan Henry,RHP/OF,Albany State University,NCAA: Division 2,11,0,0,0,0,0,0,0,0,,,,,0,,0,,0,0
Jonathan Henry,RHP/OF,Albany State University,NCAA: Division 2,0,0,0,0,0,0,0,0,0,,,,,11,22.2,2,3.57,0,19
Shaun Hickey,RHP,University of Mary,NCAA: Division 2,0,0,0,0,0,0,0,0,0,,,,,6,3.1,0,45.9,0,10
Liam Hicks,INF/C,Arkansas State University,NCAA: Division 1,28,103,24,40,7,0,4,20,0,0.388,0.519,0.573,1.092,0,,0,,0,0
Joseph Holguin,OF,Eastern New Mexico University,NCAA: Division 2,4,5,0,0,0,0,0,1,0,0.0,0.0,0.0,0.0,0,,0,,0,0
Aidan Huggins,INF,Illinois State University,NCAA: Division 1,40,143,26,42,7,1,3,14,1,0.294,0.396,0.42,0.816,0,,0,,0,0
Ethan Hunt,OF,Oklahoma Panhandle State University,NAIA,21,0,17,24,6,0,2,13,0,0.304,0.375,0.456,0.831,0,,0,,0,0
Peter Hutzal,INF,Marshall University,NCAA: Division 1,32,105,12,22,3,1,5,11,0,0.21,0.261,0.4,0.661,0,,0,,0,0
Matthew Ing,OF/INF,Nyack College,NCAA: Division 2,15,38,13,10,2,0,1,8,5,0.263,0.491,0.395,0.886,0,,0,,0,0
Sam Jalbert,RHP,Saint Josephs College of Maine,NCAA: Division 3,0,0,0,0,0,0,0,0,0,,,,,5,12.2,2,9.24,0,18
Ethan Jarvis,1B/LHP,Salem University,NCAA: Division 2,0,0,0,0,0,0,0,0,0,,,,,0,,0,,0,0
Ethan Jarvis,1B/LHP,Salem University,NCAA: Division 2,0,0,0,0,0,0,0,0,0,,,,,0,,0,,0,0
Matthew Jenkins,OF,Harvard University,NCAA: Division 1,0,0,0,0,0,0,0,0,0,,,,,0,,0,,0,0
Brandon Job,INF,Hilbert College,NCAA: Division 3,22,72,7,19,2,0,2,14,0,0.264,0.321,0.375,0.696,0,,0,,0,0
Dylan Johnson,C,Adrian College,NCAA: Division 3,12,20,3,5,1,1,0,3,0,0.25,0.375,0.4,0.775,0,,0,,0,0
Ryan Johnston,INF,Bowling Green State University,NCAA: Division 1,28,83,8,14,3,0,0,4,2,0.169,0.266,0.205,0.471,0,,0,,0,0
Matthew Johnston,P,Mayville State University,NAIA,0,0,0,0,0,0,0,0,0,,,,,12,47.0,4,3.45,0,42
Travis Keys,LHP,Aquinas College,NAIA,0,0,0,0,0,0,0,0,0,,,,,13,62.0,5,2.61,1,101
Nathan Kolb,RHP,University of Mary,NCAA: Division 2,0,0,0,0,0,0,0,0,0,,,,,0,,0,,0,0
Kade Kozak,LHP,Davis and Elkins College,NCAA: Division 2,0,0,0,0,0,0,0,0,0,,,,,3,17.2,0,4.58,0,12
Kyle Kush,IF,Canisius College,NCAA: Division 1,14,35,4,6,1,0,0,4,0,0.171,0.37,0.2,0.57,0,,0,,0,0
Jacob Kush,RHP,University of Missouri,NCAA: Division 1,0,0,0,0,0,0,0,0,0,,,,,10,18.0,2,4.5,0,19
Tauren Langley,INF,Emporia State University,NCAA: Division 2,2,2,0,0,0,0,0,0,0,0.0,0.0,0.0,0.0,0,,0,,0,0
Andrew Leggo,OF,Arkansas State University,NCAA: Division 1,0,0,0,0,0,0,0,0,0,,,,,0,,0,,0,0
Taylor Lepard,RHP,Southern New Hampshire University,NCAA: Division 2,0,0,0,0,0,0,0,0,0,,,,,5,11.1,0,8.74,1,17
Jack Liddell,P,Southern Arkansas University,NCAA: Division 2,0,0,0,0,0,0,0,0,0,,,,,2,3.2,0,0.0,0,4
Alex Liem,OF,D'Youville College,NCAA: Division 2,22,54,5,6,2,0,0,2,1,0.111,0.246,0.148,0.394,0,,0,,0,0
Graeham Luttor,1B,Midway University,NAIA,40,0,29,32,7,1,4,23,0,0.225,0.356,0.373,0.729,0,,0,,0,0
Nolan Machibroda,1B,Lubbock Christian University,NCAA: Division 2,36,119,14,27,7,0,3,17,1,0.227,0.352,0.361,0.713,0,,0,,0,0
Hayden Malenfant,RHP,Southeast Missouri State University,NCAA: Division 1,0,0,0,0,0,0,0,0,0,,,,,9,12.0,1,4.5,0,11
Josh Marchese,1B/DH,Niagara University,NCAA: Division 1,7,15,2,2,0,0,1,4,0,0.133,0.235,0.333,0.568,0,,0,,0,0
Spencer Marcus,OF,Niagara University,NCAA: Division 1,20,35,4,7,2,0,0,4,2,0.2,0.237,0.257,0.494,0,,0,,0,0
Jordan Marks,RHP,"University of South Carolina, Upstate",NCAA: Division 1,0,0,0,0,0,0,0,0,0,,,,,11,76.0,8,1.54,0,83
Aidan Massad,RHP,Alderson Broaddus University,NCAA: Division 2,0,0,0,0,0,0,0,0,0,,,,,6,23.2,4,1.52,0,33
Mackenzie Mather,C,State University of New York at Canton,NCAA: Division 3,7,8,0,1,0,0,0,1,0,0.125,0.222,0.125,0.347,0,,0,,0,0
Kyle Maves,INF/OF,Quinnipiac University,NCAA: Division 1,14,41,9,12,2,0,0,4,4,0.293,0.37,0.341,0.711,0,,0,,0,0
Jared McCorrister,IF/C,Mayville State University,NAIA,45,0,31,53,18,2,7,38,0,0.306,0.373,0.555,0.928,0,,0,,0,0
Adam McKillican,RHP,Georgia Gwinnett College,NAIA,0,0,0,0,0,0,0,0,0,,,,,14,39.0,3,4.15,2,46
David Mendham,INF/C,University of South Carolina,NCAA: Division 1,41,142,19,36,7,1,4,22,0,0.254,0.331,0.401,0.732,0,,0,,0,0
Jack Moncur,IF,Rensselaer Polytechnic Institute,NCAA: Division 3,0,0,0,0,0,0,0,0,0,,,,,0,,0,,0,0
Wesley Moore,LHP,Kansas State University,NCAA: Division 1,0,0,0,0,0,0,0,0,0,,,,,2,0.2,0,0.0,0,1
Steven Moretto,INF,Sacramento State University,NCAA: Division 1,40,132,24,37,15,0,6,28,1,0.28,0.372,0.53,0.902,0,,0,,0,0
Zach Newman,LHP,Minot State University,NCAA: Division 2,0,0,0,0,0,0,0,0,0,,,,,8,29.1,2,7.36,0,24
Drew Nixon,INF,Valley City State University,NAIA,42,0,17,37,14,1,3,28,0,0.27,0.338,0.453,0.791,0,,0,,0,0
Reed Odland,C,"University of Arkansas, Monticello",NCAA: Division 2,2,3,0,1,1,0,0,2,0,0.333,0.333,0.667,1.0,0,,0,,0,0
Alex Orenczuk,OF,"Louisiana State University, Alexandria",NAIA,36,0,33,41,8,3,7,31,0,0.339,0.417,0.628,1.045,0,,0,,0,0
Riley Perks,OF,Freed-Hardeman University,NAIA,34,0,18,25,7,0,1,16,0,0.305,0.429,0.427,0.856,0,,0,,0,0
Kyle Perrett,RHP,University of Northwestern Ohio,NAIA,0,0,0,0,0,0,0,0,0,,,,,16,14.2,1,1.84,0,18
Corben Peters,RHP,Grambling State University,NCAA: Division 1,0,0,0,0,0,0,0,0,0,,,,,12,12.2,0,6.39,1,9
Nathan Picchioni,RHP,Lawrence Technological University,NAIA,11,0,7,12,0,1,0,7,0,0.462,0.517,0.538,1.055,0,,0,,0,0
Adam Plouffe,OF,Mars Hill University,NCAA: Division 2,7,19,5,4,1,0,0,2,0,0.211,0.348,0.263,0.611,0,,0,,0,0
Matteo Porcellato,INF,Marian University,NAIA,51,0,45,58,13,1,1,31,0,0.335,0.48,0.439,0.919,0,,0,,0,0
Jacob Potter,RHP,Southeastern Oklahoma State University,NCAA: Division 2,0,0,0,0,0,0,0,0,0,,,,,10,53.2,3,5.03,0,49
Spencer Rankin,C,Missouri Valley College,NAIA,30,0,14,26,3,0,6,26,0,0.338,0.418,0.61,1.028,0,,0,,0,0
Reece Reading,UT,"University of Arkansas, Monticello",NCAA: Division 2,0,0,0,0,0,0,0,0,0,,,,,0,,0,,0,0
Matt Reyes,INF/C,Graceland University,NAIA,44,0,32,48,13,2,7,36,0,0.366,0.5,0.656,1.156,0,,0,,0,0
Tommy Reyes-Cruz,INF,Faulkner University,NAIA,39,0,33,36,6,1,2,31,0,0.303,0.426,0.42,0.846,0,,0,,0,0
Noah Richardson,P/1B/OF,Northern Kentucky University,NCAA: Division 1,11,0,0,0,0,0,0,0,0,,,,,0,,0,,0,0
Noah Richardson,P/1B/OF,Northern Kentucky University,NCAA: Division 1,0,0,0,0,0,0,0,0,0,,,,,11,44.2,2,4.63,1,51
Spenser Ross,IF,Lawrence University,NCAA: Division 3,26,95,21,27,3,0,1,14,10,0.284,0.439,0.347,0.786,0,,0,,0,0
Ashton Roy,INF,New Mexico Highlands University,NCAA: Division 2,25,82,19,22,4,0,5,13,0,0.268,0.384,0.5,0.884,0,,0,,0,0
Luigi Russo,1B,Ohio Wesleyan University,NCAA: Division 3,20,55,8,11,2,0,0,5,1,0.2,0.237,0.236,0.473,0,,0,,0,0
Liam Sabiston,RHP,Eastern New Mexico University,NCAA: Division 2,0,0,0,0,0,0,0,0,0,,,,,14,29.2,0,11.83,0,21
Aidan Safar,RHP,Rensselaer Polytechnic Institute,NCAA: Division 3,0,0,0,0,0,0,0,0,0,,,,,0,,0,,0,0
Aidan Safar,RHP,Rensselaer Polytechnic Institute,NCAA: Division 3,0,0,0,0,0,0,0,0,0,,,,,0,,0,,0,0
Adam Senden,P/1B,Mayville State University,NAIA,41,0,17,27,7,0,5,25,0,0.252,0.347,0.458,0.805,0,,0,,0,0
Adam Senden,P/1B,Mayville State University,NAIA,0,0,0,0,0,0,0,0,0,,,,,8,21.0,3,6.0,0,21
Will Sierra,RHP,Washington State University,NCAA: Division 1,0,0,0,0,0,0,0,0,0,,,,,15,23.1,2,6.17,1,29
Garner Spoljaric,RHP,Stetson University,NCAA: Division 1,0,0,0,0,0,0,0,0,0,,,,,11,11.2,0,6.94,1,18
Jordan Stamp,LHP,Rogers State University,NCAA: Division 2,0,0,0,0,0,0,0,0,0,,,,,1,1.0,0,0.0,0,1
Nathan Stark,RHP,Doane University,NAIA,0,0,0,0,0,0,0,0,0,,,,,3,5.2,0,11.12,0,6
Garrett Takamatsu,C/IF,University of Central Oklahoma,NCAA: Division 2,30,107,24,42,8,1,5,25,5,0.393,0.485,0.626,1.111,0,,0,,0,0
Cal Theal,RHP,Niagara University,NCAA: Division 1,0,0,0,0,0,0,0,0,0,,,,,0,,0,,0,0
Ben Tighe,RHP,The College of Idaho,NAIA,0,0,0,0,0,0,0,0,0,,,,,14,31.2,0,8.53,1,16
Cole Tucker,INF,Niagara University,NCAA: Division 1,24,73,14,29,7,0,2,15,6,0.397,0.471,0.575,1.046,0,,0,,0,0
Adam Tulloch,LHP,West Virginia University,NCAA: Division 1,0,0,0,0,0,0,0,0,0,,,,,9,30.2,0,6.16,0,44
Matt Turino,OF,Saint Louis University,NCAA: Division 1,28,87,16,19,4,0,3,13,2,0.218,0.407,0.368,0.775,0,,0,,0,0
Max Von Gemmingen,C,Spring Arbor University,NAIA,13,0,1,3,0,0,0,2,0,0.167,0.4,0.167,0.567,0,,0,,0,0
Jayden Wakeham,C,Northern Kentucky University,NCAA: Division 1,29,83,9,24,7,0,1,13,0,0.289,0.333,0.41,0.743,0,,0,,0,0
Parker Walker,C,Midway University,NAIA,16,0,2,11,0,0,1,7,0,0.262,0.385,0.333,0.718,0,,0,,0,0
Chris Watson,IN,St. Lawrence University,NCAA: Division 3,12,33,7,8,0,1,0,9,1,0.242,0.422,0.303,0.725,0,,0,,0,0
Lucas Wepf,RHP,University of Louisiana at Monroe,NCAA: Division 1,0,0,0,0,0,0,0,0,0,,,,,13,26.1,0,2.73,3,28
Robbie Wilkes,INF,University of Evansville,NCAA: Division 1,0,0,0,0,0,0,0,0,0,,,,,0,,0,,0,0
Malik Williams,INF,Lipscomb University,NCAA: Division 1,32,119,14,38,8,1,1,17,1,0.319,0.372,0.429,0.801,0,,0,,0,0
Jason Willow,OF/INF,"University of California, Santa Barbara",NCAA: Division 1,41,126,19,33,6,0,3,31,9,0.262,0.312,0.381,0.693,0,,0,,0,0
Brantt Wood,IF,Mayville State University,NAIA,9,0,2,3,1,0,0,1,0,0.25,0.25,0.333,0.583,0,,0,,0,0
Kaiden Zacharias,OF,Asbury University,NAIA,42,0,16,28,4,3,1,27,0,0.252,0.346,0.369,0.715,0,,0,,0,0
Kevin Zhang,RHP,Cedarville University,NCAA: Division 2,0,0,0,0,0,0,0,0,0,,,,,9,16.2,1,6.48,0,11
Aris Zimakas,LHP,Oakland University,NCAA: Division 1,0,0,0,0,0,0,0,0,0,,,,,6,3.1,0,18.9,0,3
Zach Zinck,RHP,Ave Maria University,NAIA,0,0,0,0,0,0,0,0,0,,,,,6,18.2,2,7.23,0,12
Jack Anderson,LHP,Hofstra University,NCAA: Division 1,0,0,0,0,0,0,0,0,0,,,,,1,0.2,0,40.5,0,1
Kyle Angielski,OF/C,Presentation College,NAIA,51,0,18,32,5,1,2,16,0,0.194,0.264,0.273,0.537,0,,0,,0,0
Sam Avila,IF,Southwest Baptist University,NCAA: Division 2,33,104,22,30,8,2,0,20,2,0.288,0.419,0.404,0.823,0,,0,,0,0
Tyrus Barclay,C,University of Mary,NCAA: Division 2,28,94,19,28,5,1,3,14,4,0.298,0.362,0.468,0.83,0,,0,,0,0
Alex Bedard,OF,Southwestern Oklahoma State University,NCAA: Division 2,35,148,50,59,9,5,5,34,29,0.399,0.47,0.628,1.098,0,,0,,0,0
Dylan Bells,LHP,St. Mary's University,NCAA: Division 2,0,0,0,0,0,0,0,0,0,,,,,13,59.0,6,4.73,0,51
Danny Berg,OF,Lynn University,NCAA: Division 2,0,0,0,0,0,0,0,0,0,,,,,0,,0,,0,0
Josh Blackwell,RHP,State University of New York Polytechnic Institute,NCAA: Division 3,0,0,0,0,0,0,0,0,0,,,,,2,1.0,0,9.0,0,0
Matt Bondarchuk,OF,"University of Nebraska, Omaha",NCAA: Division 1,14,18,3,2,1,0,0,1,0,0.111,0.2,0.167,0.367,0,,0,,0,0
Dylan Borman,IF,"University of Arkansas, Monticello",NCAA: Division 2,30,115,29,38,10,0,12,34,0,0.33,0.391,0.73,1.121,0,,0,,0,0
Landen Bourassa,RHP,University of San Francisco,NCAA: Division 1,0,0,0,0,0,0,0,0,0,,,,,11,66.0,5,3.55,0,56
Archer Brookman,C/1B,The Ohio State University,NCAA: Division 1,13,37,9,7,1,0,3,6,0,0.189,0.348,0.459,0.807,0,,0,,0,0
Lawson Burnett,IF,Northwood University,NCAA: Division 2,10,25,6,7,1,0,1,4,0,0.28,0.333,0.44,0.773,0,,0,,0,0
Dominic Campeau,C/IB,Hope International University,NAIA,39,0,14,29,7,0,4,25,0,0.257,0.373,0.425,0.798,0,,0,,0,0
Brady Cappe,RHP,Lindsey Wilson College,NAIA,0,0,0,0,0,0,0,0,0,,,,,11,65.2,4,6.58,0,64
Nik Cardinal,P,"California State University, Fresno",NCAA: Division 1,0,0,0,0,0,0,0,0,0,,,,,17,31.0,1,7.84,0,30
Jacob Charron,C,Keiser University,NAIA,30,0,13,9,2,0,1,5,0,0.123,0.293,0.192,0.485,0,,0,,0,0
Matthew Clay,OF,The College of Idaho,NAIA,47,0,35,57,9,1,2,42,0,0.315,0.392,0.409,0.801,0,,0,,0,0
Alex Cull,IF,Albion College,NCAA: Division 3,13,32,5,6,3,1,0,6,0,0.188,0.257,0.344,0.601,0,,0,,0,0
Spencer Davis,RHP,Arizona Christian University,NAIA,0,0,0,0,0,0,0,0,0,,,,,14,23.0,0,7.04,0,22
Cooper Davis,OF,Vanderbilt University,NCAA: Division 1,27,95,13,22,2,0,1,13,1,0.232,0.324,0.284,0.608,0,,0,,0,0
DJ DePiero,LHP,Bradley University,NCAA: Division 1,0,0,0,0,0,0,0,0,0,,,,,0,,0,,0,0
Zach Demchenko,RHP,Friends University,NAIA,0,0,0,0,0,0,0,0,0,,,,,13,79.1,6,4.2,0,65
Zach Diewert,OF,Southeastern University,NAIA,1,0,2,2,1,0,1,1,0,1.0,1.0,3.0,4.0,0,,0,,0,0
Tyler Dobie,IF,Point Park University,NAIA,10,0,1,1,0,0,0,0,0,0.059,0.2,0.059,0.259,0,,0,,0,0
Tyler Duncan,OF,Arkansas State University,NCAA: Division 1,36,144,34,46,9,1,8,42,0,0.319,0.408,0.562,0.97,0,,0,,0,0
Cameron Dyck,RHP,Niagara University,NCAA: Division 1,0,0,0,0,0,0,0,0,0,,,,,0,,0,,0,0
Martin Eckard,RHP,Indiana Tech,NAIA,0,0,0,0,0,0,0,0,0,,,,,14,29.0,1,4.97,2,21
Canice Ejoh,OF,Seton Hill University,NCAA: Division 2,12,20,4,6,0,0,0,5,2,0.3,0.423,0.3,0.723,0,,0,,0,0
Jesse Elliott,INF,University of Charleston,NCAA: Division 2,14,24,8,11,1,0,1,8,2,0.458,0.536,0.625,1.161,0,,0,,0,0
Ben Erwin,RHP,Niagara University,NCAA: Division 1,0,0,0,0,0,0,0,0,0,,,,,5,19.1,2,4.66,0,16
Thomas Espig,LHP,Yale University,NCAA: Division 1,0,0,0,0,0,0,0,0,0,,,,,0,,0,,0,0
Chris Ewanik,INF/OF,Husson University,NCAA: Division 3,24,77,14,26,5,0,2,19,0,0.338,0.42,0.481,0.901,0,,0,,0,0
George Farid,3B,Mississippi College,NCAA: Division 2,36,146,20,41,8,1,2,26,2,0.281,0.342,0.39,0.732,0,,0,,0,0
Zac Fascia,C,Purdue University,NCAA: Division 1,29,97,13,31,6,0,2,17,0,0.32,0.367,0.443,0.81,0,,0,,0,0
Jesse Fishbaum,OF,Cleary University,NAIA,37,0,39,52,7,3,4,17,0,0.366,0.445,0.542,0.987,0,,0,,0,0
Mathieu Gauthier,RHP,West Texas A&M University,NCAA: Division 2,0,0,0,0,0,0,0,0,0,,,,,12,74.0,9,3.16,0,89
Brendan Gerbert,INF,Point University,NAIA,6,0,1,0,0,0,0,0,0,0.0,0.286,0.0,0.286,0,,0,,0,0
Julien Giroux-Harvey,OF/RHP,Saint Michael's College,NCAA: Division 2,15,44,5,7,2,1,0,6,2,0.159,0.275,0.25,0.525,0,,0,,0,0
Julien Giroux-Harvey,OF/RHP,Saint Michael's College,NCAA: Division 2,0,0,0,0,0,0,0,0,0,,,,,4,6.0,0,15.0,0,6
Daniel Gore,RHP,Madonna University,NAIA,0,0,0,0,0,0,0,0,0,,,,,8,29.2,3,7.58,0,24
Shawn Grandmont,IF,Northwest Nazarene University,NCAA: Division 2,30,109,36,37,4,3,8,45,20,0.339,0.457,0.651,1.108,0,,0,,0,0
Andrew Grieder,LHP,Oklahoma Wesleyan University,NAIA,0,0,0,0,0,0,0,0,0,,,,,12,48.1,5,5.59,0,42
James Hardy,RHP,Southwest Minnesota State University,NCAA: Division 2,0,0,0,0,0,0,0,0,0,,,,,5,5.0,0,14.4,0,7
Colton Harold,OF,Northwestern College,NAIA,44,0,32,54,13,2,11,41,0,0.344,0.41,0.662,1.072,0,,0,,0,0
Jameson Hart,OF/RHP,William Penn University,NAIA,46,0,24,41,9,2,0,15,0,0.295,0.381,0.388,0.769,0,,0,,0,0
Max Hewitt,C/INF,Oklahoma State University,NCAA: Division 1,39,139,29,41,6,2,4,35,1,0.295,0.388,0.453,0.841,0,,0,,0,0
Matt Hilderbrandt,DH,Limestone University,NCAA: Division 2,15,39,6,10,0,0,3,7,0,0.256,0.37,0.487,0.857,0,,0,,0,0
Jason Hill,INF,Central Washington University,NCAA: Division 2,17,53,13,13,1,1,0,5,0,0.245,0.369,0.302,0.671,0,,0,,0,0
William Hlady,RHP,Valley City State University,NAIA,0,0,0,0,0,0,0,0,0,,,,,17,43.2,5,3.92,2,37
Tyler Hoefer,RHP/INF,Central Washington University,NCAA: Division 2,1,0,0,0,0,0,0,0,0,,,,,0,,0,,0,0
Tyler Hoefer,RHP/INF,Central Washington University,NCAA: Division 2,0,0,0,0,0,0,0,0,0,,,,,1,3.0,0,12.0,0,4
Ryan Humeniuk,OF,University of Louisiana at Monroe,NCAA: Division 1,40,147,26,48,6,1,4,25,13,0.327,0.408,0.463,0.871,0,,0,,0,0
Corey Jackson,RHP,Bellevue University,NAIA,0,0,0,0,0,0,0,0,0,,,,,15,88.0,7,2.35,1,136
Owen Jansen,2B/3B,Saint Leo University,NCAA: Division 2,15,32,4,3,0,1,0,1,0,0.094,0.237,0.156,0.393,0,,0,,0,0
Riley Jepson,OF,University of Texas at Tyler,NCAA: Division 2,40,156,43,55,9,1,5,40,9,0.353,0.472,0.519,0.991,0,,0,,0,0
Ethan Jodouin,1B,Cleary University,NAIA,19,0,3,6,3,0,0,6,0,0.222,0.364,0.333,0.697,0,,0,,0,0
Alex Jones,LHP,Niagara University,NCAA: Division 1,0,0,0,0,0,0,0,0,0,,,,,6,10.2,1,6.75,0,10
Griffin Keller,UTL,Georgia Gwinnett College,NAIA,46,0,67,81,19,4,10,62,0,0.479,0.551,0.817,1.368,0,,0,,0,0
Justin King,OF,University of Louisiana at Monroe,NCAA: Division 1,13,15,1,1,0,0,0,2,0,0.067,0.333,0.067,0.4,0,,0,,0,0
Ben Komonosky,C,University of Evansville,NCAA: Division 1,31,75,14,16,4,0,1,9,0,0.213,0.368,0.307,0.675,0,,0,,0,0
Gibson Krzeminski,OF/3B,Canisius College,NCAA: Division 1,16,46,6,8,0,2,0,8,0,0.174,0.304,0.261,0.565,0,,0,,0,0
Keegan Kwong,OF/RHP,Goshen College,NAIA,13,0,0,0,0,0,0,0,0,0.0,,0.0,,0,,0,,0,0
Keegan Kwong,OF/RHP,Goshen College,NAIA,0,0,0,0,0,0,0,0,0,,,,,13,12.2,0,9.95,0,13
David LeBlanc,OF,Husson University,NCAA: Division 3,24,76,19,26,6,2,2,21,4,0.342,0.414,0.553,0.967,0,,0,,0,0
Marc Lebreux,OF,University of Virginia,NCAA: Division 1,28,60,9,13,1,0,0,5,3,0.217,0.338,0.233,0.571,0,,0,,0,0
Daniel Lichty,IF,Huntington University,NAIA,45,0,45,59,11,2,8,45,0,0.358,0.428,0.594,1.022,0,,0,,0,0
Eric Lindsay,RHP,Friends University,NAIA,0,0,0,0,0,0,0,0,0,,,,,1,1.0,0,0.0,0,2
Shaun Logan,,University of Dubuque,NCAA: Division 3,0,0,0,0,0,0,0,0,0,,,,,9,44.0,2,5.73,0,29
Alex MacKinnon,RHP,Niagara University,NCAA: Division 1,0,0,0,0,0,0,0,0,0,,,,,5,8.0,0,3.38,2,7
Matthew Malgi,IF,Saginaw Valley State University,NCAA: Division 2,0,0,0,0,0,0,0,0,0,,,,,0,,0,,0,0
Benjamin Marsh,LHP,State University of New York at Oneonta,NCAA: Division 3,0,0,0,0,0,0,0,0,0,,,,,1,0.1,0,0.0,0,0
Jacob Martins,IF,Canisius College,NCAA: Division 1,11,28,3,9,1,1,0,5,0,0.321,0.355,0.429,0.784,0,,0,,0,0
Parker McRae,RHP,University of Mary,NCAA: Division 2,0,0,0,0,0,0,0,0,0,,,,,0,,0,,0,0
Tate Morrell,OF,Missouri University of Science and Technology,NCAA: Division 2,27,88,15,25,8,0,2,20,4,0.284,0.376,0.443,0.819,0,,0,,0,0
Kobe Morris,INF,Southern Arkansas University,NCAA: Division 2,37,144,41,52,11,0,7,31,16,0.361,0.466,0.583,1.049,0,,0,,0,0
Rhys Morris,RHP,"University of Minnesota, Morris",NCAA: Division 3,0,0,0,0,0,0,0,0,0,,,,,3,4.1,0,4.15,0,2
Noah Myers,OF,University of South Carolina,NCAA: Division 1,18,18,4,2,1,0,1,4,0,0.111,0.238,0.333,0.571,0,,0,,0,0
Jakob Newton,OF,Florida Institute of Technology,NCAA: Division 2,25,84,19,21,1,1,2,15,11,0.25,0.387,0.357,0.744,0,,0,,0,0
Jonah Offman,RHP,Johns Hopkins University,NCAA: Division 3,0,0,0,0,0,0,0,0,0,,,,,5,8.2,1,7.27,0,12
Grant Okawa,IF,University of Jamestown,NAIA,49,0,38,53,13,1,6,17,0,0.312,0.408,0.506,0.914,0,,0,,0,0
Yi-Fan Pan,INF,Central Washington University,NCAA: Division 2,3,7,0,1,0,0,0,0,0,0.143,0.143,0.143,0.286,0,,0,,0,0
Konner Piotto,C,Wright State University,NCAA: Division 1,27,85,18,28,5,0,1,15,0,0.329,0.426,0.424,0.85,0,,0,,0,0
Aaron Pugh,RHP,University of Jamestown,NAIA,0,0,0,0,0,0,0,0,0,,,,,18,18.0,1,2.0,6,25
Tanner Rempel,C,Colorado Mesa University,NCAA: Division 2,15,25,12,11,5,1,1,12,0,0.44,0.576,0.84,1.416,0,,0,,0,0
Devon Robb,RHP,Ohio Dominican University,NCAA: Division 2,0,0,0,0,0,0,0,0,0,,,,,3,2.1,0,3.86,0,2
Daniel Rockwell,INF,Mount Marty College,NAIA,8,0,3,1,0,0,0,1,0,0.25,0.4,0.25,0.65,0,,0,,0,0
Tyler Schindel,OF,San Diego Christian College,NAIA,28,0,8,10,3,0,0,7,0,0.161,0.28,0.21,0.49,0,,0,,0,0
Tyler Scott,IF,Bryan College,NAIA,47,0,39,62,21,0,6,30,0,0.356,0.429,0.58,1.009,0,,0,,0,0
Ari Sechopoulos,1B,College of Charleston,NCAA: Division 1,34,120,26,29,8,0,5,25,4,0.242,0.333,0.433,0.766,0,,0,,0,0
Nick Seginowich,C,Angelo State University,NCAA: Division 2,35,117,36,34,6,2,7,39,5,0.291,0.465,0.556,1.021,0,,0,,0,0
Austin Skelhorn,RHP,Ottawa University,NAIA,0,0,0,0,0,0,0,0,0,,,,,18,24.1,1,8.14,0,23
Ethan Skuija,RHP,"California State University, Bakersfield",NCAA: Division 1,0,0,0,0,0,0,0,0,0,,,,,7,28.2,1,7.53,1,38
Kyle Smyth,RHP,Niagara University,NCAA: Division 1,0,0,0,0,0,0,0,0,0,,,,,5,7.1,0,7.36,0,7
Chase Stewart,RHP,Mercyhurst University,NCAA: Division 2,0,0,0,0,0,0,0,0,0,,,,,8,16.2,3,2.16,0,21
Mat Szabo,RHP,Angelo State University,NCAA: Division 2,0,0,0,0,0,0,0,0,0,,,,,8,16.2,1,4.32,0,31
Austin Tambellini,LHP,"Louisiana State University, Shreveport",NAIA,0,0,0,0,0,0,0,0,0,,,,,7,5.1,0,13.5,0,7
Ben Teplin,INF,Indiana University of Pennsylvania,NCAA: Division 2,12,29,3,7,1,0,0,3,1,0.241,0.353,0.276,0.629,0,,0,,0,0
Joe Tevlin,C,Niagara University,NCAA: Division 1,18,44,6,15,3,0,0,6,0,0.341,0.37,0.409,0.779,0,,0,,0,0
Jonathan Thibodeau,C,University of West Alabama,NCAA: Division 2,21,56,4,20,2,0,0,11,0,0.357,0.433,0.393,0.826,0,,0,,0,0
Eric Thrower,OF,Georgetown College,NAIA,39,0,22,44,6,3,1,24,0,0.37,0.453,0.496,0.949,0,,0,,0,0
David Tongue,RHP,Southwest Baptist University,NCAA: Division 2,0,0,0,0,0,0,0,0,0,,,,,12,13.1,0,8.78,0,19
Sam Turcotte,RHP,Stony Brook University,NCAA: Division 1,0,0,0,0,0,0,0,0,0,,,,,10,56.2,5,3.02,0,56
Daniel Warkentin,IF,Eastern Michigan University,NCAA: Division 1,22,64,8,13,1,1,0,4,0,0.203,0.288,0.25,0.538,0,,0,,0,0
Jayson Wilbur,LHP,Indiana University of Pennsylvania,NCAA: Division 2,0,0,0,0,0,0,0,0,0,,,,,11,15.1,0,5.87,0,15
Jake Wilson,OF,Liberty University,NCAA: Division 1,41,146,24,41,10,1,1,17,7,0.281,0.357,0.384,0.741,0,,0,,0,0
Tyler Wood,SS,McPherson College,NAIA,40,0,37,38,6,0,4,30,0,0.306,0.439,0.452,0.891,0,,0,,0,0
Max Wright,C/OF,Indiana State University,NCAA: Division 1,32,111,28,33,7,0,10,24,1,0.297,0.455,0.631,1.086,0,,0,,0,0
